council_district,total_appr,finished_area,year
2,129400.0,2243.0,2009
26,174700.0,1408.0,2009
4,299200.0,3037.0,2009
15,141600.0,1770.0,2009
33,80600.0,973.0,2009
11,271200.0,3112.0,2009
11,145600.0,1464.0,2009
33,192600.0,2460.0,2009
19,89500.0,837.0,2009
26,205200.0,2067.0,2009
13,111800.0,1584.0,2009
8,96900.0,861.0,2009
6,73000.0,787.0,2009
14,125500.0,1375.0,2009
15,160900.0,2117.0,2009
26,107500.0,936.0,2009
30,304300.0,2425.0,2009
25,376800.0,2376.0,2009
35,220700.0,2310.0,2009
4,275300.0,2175.0,2009
4,307600.0,2556.0,2009
28,101000.0,1512.0,2009
12,199500.0,2372.0,2009
4,138800.0,1540.0,2009
19,117300.0,1353.0,2009
22,179800.0,1645.0,2009
33,89500.0,1404.0,2009
10,419700.0,2500.0,2009
26,129400.0,1509.0,2009
25,457900.0,3019.0,2009
27,249500.0,2644.0,2009
1,218600.0,1848.0,2009
27,83400.0,1004.0,2009
2,32800.0,848.0,2009
13,126200.0,1144.0,2009
12,141600.0,1982.0,2009
30,113100.0,1425.0,2009
7,128600.0,1402.0,2009
25,661200.0,4019.75,2009
32,156900.0,2074.0,2009
19,131100.0,630.0,2009
33,189600.0,2648.0,2009
8,116500.0,1032.0,2009
34,625200.0,4174.0,2009
31,129100.0,1370.0,2009
28,120600.0,1385.0,2009
12,254100.0,2952.88501,2009
15,179900.0,3760.5,2009
7,134000.0,1337.0,2009
21,68400.0,1926.0,2009
26,161600.0,1500.0,2009
20,81700.0,899.0,2009
16,92600.0,864.0,2009
21,64200.0,1252.0,2009
18,286500.0,1233.0,2009
1,191900.0,3024.0,2009
23,251400.0,2061.5,2009
16,64200.0,880.0,2009
34,410900.0,2689.0,2009
11,202700.0,2089.0,2009
26,158700.0,1929.0,2009
30,84900.0,960.0,2009
32,145800.0,1871.0,2009
33,149500.0,1662.0,2009
3,109400.0,1537.0,2009
15,120300.0,1452.0,2009
18,388800.0,2596.5600600000002,2009
5,156100.0,2333.52002,2009
23,373100.0,2866.0,2009
22,110000.0,1087.0,2009
4,307400.0,2681.0,2009
5,83000.0,980.0,2009
24,222700.0,1328.0,2009
33,100700.0,1265.0,2009
18,134600.0,463.0,2009
19,247800.0,843.0,2009
33,122700.0,1792.0,2009
20,120800.0,1702.0,2009
9,109300.0,1132.0,2009
22,89000.0,1058.0,2009
16,100800.0,1378.0,2009
4,285600.0,3247.0,2009
6,256300.0,1689.5,2009
1,94100.0,1100.0,2009
17,342600.0,1365.0,2009
31,183000.0,1864.0,2009
6,151100.0,1422.0,2009
8,119400.0,1322.0,2009
16,162300.0,1831.0,2009
33,176500.0,2487.0,2009
12,156400.0,1559.0,2009
23,450000.0,7079.5249,2009
33,76600.0,1192.0,2009
12,171500.0,1549.5,2009
26,98200.0,1288.0,2009
21,201400.0,704.0,2009
35,208500.0,2765.8400899999997,2009
4,314900.0,3750.0,2009
28,102000.0,1000.0,2009
15,118400.0,980.0,2009
16,126300.0,2100.0,2009
24,133000.0,625.0,2009
18,273400.0,1267.19995,2009
4,199400.0,1788.0,2009
34,794000.0,2961.0,2009
30,89700.0,960.0,2009
5,106200.0,1369.0,2009
3,243600.0,2828.0,2009
13,104000.0,1440.0,2009
20,112500.0,1352.0,2009
8,158300.0,2600.0,2009
32,120300.0,1632.0,2009
35,172700.0,1530.0,2009
35,336800.0,2606.0,2009
14,132100.0,1325.0,2009
7,137500.0,1435.0,2009
35,322200.0,3570.0,2009
5,95700.0,1125.0,2009
11,246400.0,2799.45996,2009
4,179500.0,2041.5,2009
9,40300.0,704.0,2009
31,161600.0,1418.0,2009
34,873100.0,4353.0,2009
30,104900.0,1300.0,2009
19,59100.0,594.0,2009
3,134500.0,1264.0,2009
23,520700.0,3636.5,2009
33,231800.0,3216.0,2009
27,109200.0,1000.0,2009
25,343500.0,1450.0,2009
23,2636100.0,11347.09961,2009
16,89000.0,884.0,2009
5,93800.0,1982.5,2009
23,144700.0,1290.0,2009
21,201400.0,704.0,2009
3,115900.0,1631.0,2009
27,73700.0,918.0,2009
15,116100.0,1173.0,2009
29,129500.0,2140.0,2009
19,230500.0,1617.0,2009
7,178600.0,1780.0,2009
14,108300.0,1280.0,2009
3,113300.0,1504.0,2009
6,119100.0,1150.0,2009
25,216400.0,1058.0,2009
22,83400.0,912.0,2009
1,213100.0,4964.3999,2009
34,134000.0,1146.0,2009
16,192300.0,2463.0,2009
31,142200.0,1174.0,2009
29,76100.0,1280.0,2009
35,192600.0,2091.0,2009
7,117700.0,1044.0,2009
25,539000.0,3616.75,2009
34,450300.0,2638.3501,2009
5,50400.0,624.0,2009
30,118500.0,1150.0,2009
11,240800.0,2819.0,2009
9,189200.0,3148.25,2009
5,88800.0,912.0,2009
3,133100.0,1508.0,2009
24,804600.0,3766.25,2009
8,113300.0,1206.0,2009
17,153000.0,1480.0,2009
4,255000.0,2319.0,2009
34,394800.0,2868.1799300000002,2009
13,158600.0,1324.0,2009
29,108200.0,1452.0,2009
30,106300.0,1199.0,2009
25,327800.0,2057.0,2009
30,98400.0,1041.0,2009
33,132900.0,1435.0,2009
33,278900.0,2636.0,2009
15,135300.0,1204.0,2009
11,102800.0,1125.0,2009
4,225400.0,2083.0,2009
29,77600.0,1252.0,2009
31,255600.0,3328.0,2009
25,194600.0,1048.0,2009
9,87300.0,1390.0,2009
31,187800.0,2425.0,2009
22,197100.0,2019.0,2009
19,193200.0,798.0,2009
31,196800.0,1938.0,2009
29,104000.0,1452.0,2009
31,208000.0,1614.0,2009
34,756400.0,4322.75,2009
4,253100.0,1775.0,2009
33,102600.0,1113.0,2009
8,191300.0,2129.0,2009
23,74800.0,720.0,2009
27,105800.0,1236.0,2009
24,421700.0,2562.0,2009
15,91400.0,808.0,2009
24,80800.0,0.0,2009
35,266400.0,3171.0,2009
19,252400.0,1496.0,2009
8,137400.0,1650.0,2009
9,143700.0,1868.5,2009
34,803900.0,4999.45996,2009
6,356400.0,2413.0,2009
24,289700.0,1506.0,2009
25,154200.0,976.0,2009
34,590900.0,3785.0,2009
26,95100.0,1500.0,2009
25,345000.0,2181.0,2009
13,93100.0,950.0,2009
11,104500.0,1036.0,2009
14,150300.0,1726.38,2009
13,111500.0,1677.0,2009
16,138500.0,1541.0,2009
26,122900.0,1419.0,2009
35,178000.0,1604.0,2009
25,307600.0,2453.4299300000002,2009
13,149400.0,2257.19995,2009
26,127700.0,1702.0,2009
26,208200.0,1525.0,2009
11,148100.0,1415.0,2009
16,100400.0,978.0,2009
35,233500.0,2855.0,2009
35,222700.0,1831.0,2009
1,148500.0,1678.0,2009
6,131000.0,1427.0,2009
1,89500.0,1950.0,2009
5,81100.0,1120.0,2009
24,208200.0,1072.0,2009
22,255500.0,2784.0,2009
33,119800.0,1374.0,2009
5,178500.0,1758.0,2009
31,106700.0,1242.0,2009
24,809700.0,3480.0,2009
20,93600.0,900.0,2009
33,182600.0,2889.0,2009
4,376100.0,3767.0,2009
6,48000.0,644.0,2009
15,108600.0,1276.0,2009
14,79000.0,1240.0,2009
29,119500.0,1819.0,2009
26,21600.0,728.0,2009
20,169600.0,1636.0,2009
32,114400.0,1208.0,2009
34,155800.0,1524.0,2009
29,70800.0,1480.0,2009
31,126200.0,988.0,2009
16,136600.0,1908.0,2009
22,243200.0,2284.0,2009
9,137000.0,1694.0,2009
13,108500.0,1210.0,2009
4,395800.0,3882.0,2009
34,294200.0,2524.0,2009
9,169000.0,2124.0,2009
4,180300.0,1715.0,2009
28,98500.0,1050.0,2009
22,156400.0,1776.0,2009
27,25700.0,780.0,2009
28,120400.0,1786.0,2009
31,191300.0,2368.0,2009
32,122700.0,1632.0,2009
22,107700.0,1092.0,2009
21,32700.0,560.0,2009
4,373300.0,4494.0,2009
9,53000.0,896.0,2009
4,285600.0,3071.0,2009
7,126200.0,1346.0,2009
6,195700.0,1506.0,2009
27,182700.0,1841.0,2009
34,744600.0,4180.0,2009
17,108400.0,625.0,2009
22,164700.0,1622.0,2009
33,112300.0,1050.0,2009
12,237600.0,2628.75,2009
29,117100.0,1875.0,2009
8,83000.0,1024.0,2009
34,180400.0,1875.0,2009
14,141300.0,1650.0,2009
23,357300.0,2940.0,2009
13,95600.0,1559.91003,2009
23,139400.0,1916.0,2009
4,276200.0,2158.0,2009
24,133800.0,736.0,2009
35,206100.0,2021.0,2009
16,106600.0,1292.0,2009
34,966300.0,5808.9502,2009
12,170500.0,2052.0,2009
19,10800.0,595.0,2009
18,543800.0,3092.0,2009
31,137800.0,1624.0,2009
16,70700.0,816.0,2009
25,388900.0,1681.0,2009
30,84300.0,960.0,2009
25,305700.0,1294.0,2009
18,412600.0,3887.86011,2009
18,261900.0,1377.0,2009
12,159300.0,2236.0,2009
33,122300.0,1321.0,2009
1,72000.0,840.0,2009
26,297100.0,3011.04004,2009
22,166900.0,1804.0,2009
24,414900.0,2101.5,2009
22,166900.0,1414.0,2009
22,202400.0,1720.0,2009
30,109800.0,1000.0,2009
5,91700.0,1132.0,2009
6,90200.0,1274.0,2009
32,65100.0,1284.0,2009
29,152800.0,1887.0,2009
12,169700.0,1895.0,2009
30,99700.0,950.0,2009
29,129200.0,2332.0,2009
5,96200.0,1364.0,2009
5,123000.0,1200.0,2009
25,370300.0,1220.0,2009
29,101500.0,1650.0,2009
2,88600.0,1568.0,2009
12,141600.0,1779.0,2009
3,137800.0,1564.0,2009
30,94100.0,950.0,2009
11,72000.0,805.0,2009
26,21600.0,728.0,2009
15,106000.0,1314.0,2009
22,347300.0,2768.0,2009
11,124100.0,1253.0,2009
6,210900.0,1732.5,2009
8,101000.0,1472.0,2009
27,140000.0,1450.0,2009
13,107400.0,1207.0,2009
28,116200.0,2450.0,2009
8,208400.0,1624.5,2009
23,328200.0,2668.0,2009
6,68600.0,774.0,2009
3,58700.0,945.0,2009
26,101200.0,1050.0,2009
35,168300.0,2296.0,2009
8,93000.0,1104.0,2009
4,275400.0,4395.47998,2009
23,166000.0,1444.0,2009
31,89500.0,1126.0,2009
18,293700.0,1300.0,2009
31,169700.0,1604.0,2009
5,99700.0,1406.0,2009
31,125400.0,988.0,2009
10,187400.0,2304.0,2009
13,80000.0,768.0,2009
28,109200.0,1405.0,2009
26,106300.0,1500.0,2009
16,138800.0,1496.0,2009
4,265300.0,2042.0,2009
9,81200.0,1209.0,2009
24,216400.0,1274.0,2009
17,500500.0,3020.80005,2009
25,258100.0,1792.0,2009
3,46600.0,1075.0,2009
25,304600.0,1578.0,2009
13,115800.0,1260.0,2009
10,107100.0,1100.0,2009
5,106700.0,1563.0,2009
21,235000.0,1309.0,2009
27,139800.0,1564.0,2009
33,101300.0,1257.0,2009
23,293300.0,2163.0,2009
6,140000.0,1161.0,2009
6,155300.0,1367.0,2009
6,200400.0,2518.5,2009
12,90200.0,1100.0,2009
26,103100.0,1650.0,2009
10,186700.0,1682.0,2009
28,102900.0,1300.0,2009
23,408400.0,3661.75,2009
12,234600.0,2274.0,2009
18,124000.0,1134.0,2009
10,138000.0,1495.04004,2009
29,118700.0,1894.0,2009
10,161400.0,2364.0,2009
16,145300.0,1707.0,2009
20,169800.0,2242.0,2009
27,145700.0,1768.0,2009
21,50800.0,750.0,2009
21,64500.0,1370.0,2009
6,168200.0,2370.0,2009
10,137600.0,1300.0,2009
5,71200.0,962.0,2009
30,149400.0,2249.0,2009
11,133400.0,1874.5,2009
11,139500.0,1491.0,2009
7,150800.0,2403.0,2009
15,93700.0,798.0,2009
34,419500.0,2515.0,2009
21,355800.0,2182.0,2009
13,150600.0,1806.5,2009
4,340600.0,2974.0,2009
28,135700.0,2000.0,2009
12,208700.0,1983.75,2009
34,466000.0,3846.25,2009
12,141900.0,1316.0,2009
22,203800.0,1800.0,2009
23,150000.0,935.0,2009
29,153800.0,1840.0,2009
24,175200.0,1054.0,2009
30,110400.0,1032.0,2009
1,135600.0,2333.8999,2009
17,177700.0,1269.0,2009
12,127700.0,1406.0,2009
27,84600.0,1247.0,2009
16,113600.0,1408.0,2009
22,158100.0,1403.0,2009
21,74700.0,875.0,2009
25,631800.0,3098.25,2009
9,90900.0,1164.0,2009
31,232500.0,3308.0,2009
31,110500.0,1320.0,2009
25,377900.0,2355.88989,2009
34,758400.0,3335.0,2009
29,95700.0,1520.0,2009
25,639300.0,3225.0,2009
24,177500.0,1138.0,2009
31,163700.0,2446.0,2009
35,256800.0,2467.0,2009
21,113800.0,750.0,2009
26,172100.0,1125.0,2009
6,117100.0,1129.0,2009
4,295600.0,3141.0,2009
20,101900.0,912.0,2009
26,240100.0,1969.0,2009
34,386100.0,1247.0,2009
4,140500.0,1244.0,2009
24,460400.0,2840.0,2009
11,132700.0,1874.25,2009
18,100300.0,552.0,2009
34,569500.0,4399.0,2009
15,146800.0,1301.0,2009
20,61000.0,630.0,2009
30,119300.0,1852.0,2009
24,754900.0,4356.0,2009
22,174500.0,1559.0,2009
15,135900.0,1702.0,2009
33,136100.0,1664.0,2009
29,132200.0,1546.0,2009
9,127300.0,2080.0,2009
23,744100.0,2803.5,2009
4,260600.0,2313.0,2009
14,130500.0,1670.25,2009
17,459300.0,2646.0,2009
19,257100.0,837.0,2009
14,135200.0,1688.0,2009
23,167000.0,1316.0,2009
3,62500.0,967.0,2009
27,133800.0,1252.0,2009
35,225100.0,1855.0,2009
11,182800.0,2208.0,2009
32,114400.0,1208.0,2009
21,39900.0,960.0,2009
34,767200.0,3531.0,2009
20,122500.0,1128.0,2009
3,48300.0,768.0,2009
29,133000.0,1814.0,2009
26,209400.0,1461.0,2009
11,276100.0,3072.0,2009
17,177000.0,1779.0,2009
18,101700.0,600.0,2009
19,112400.0,854.0,2009
24,809000.0,3232.68262,2009
31,104500.0,1474.0,2009
1,162800.0,2707.0,2009
4,266000.0,1973.0,2009
33,128700.0,1301.0,2009
9,104000.0,984.0,2009
8,86700.0,1126.0,2009
18,101700.0,600.0,2009
12,143100.0,1434.0,2009
1,84800.0,1073.0,2009
15,199400.0,2589.0,2009
33,96000.0,1224.0,2009
9,70400.0,930.0,2009
4,307400.0,2753.0,2009
32,166200.0,2197.0,2009
9,157900.0,1633.0,2009
23,453500.0,3702.5,2009
31,171800.0,1280.0,2009
5,93100.0,1290.0,2009
3,111200.0,1255.0,2009
21,64400.0,912.0,2009
24,174700.0,1116.0,2009
34,493500.0,3213.0,2009
6,134400.0,1431.0,2009
32,105300.0,1452.0,2009
27,112100.0,1100.0,2009
21,74600.0,1012.0,2009
34,439900.0,1822.0,2009
26,69300.0,1536.0,2009
16,102200.0,1056.0,2009
10,97000.0,1296.0,2009
8,146000.0,1290.0,2009
22,181300.0,1902.0,2009
9,139500.0,1161.0,2009
33,147200.0,1894.0,2009
1,96100.0,1680.0,2009
20,119100.0,999.0,2009
28,117100.0,1213.0,2009
21,122200.0,1188.0,2009
20,146400.0,1748.0,2009
14,141100.0,1392.0,2009
8,213800.0,2127.0,2009
24,310800.0,1837.0,2009
26,118900.0,1321.0,2009
14,130300.0,1800.0,2009
33,154900.0,1977.0,2009
2,95600.0,1072.0,2009
28,114500.0,1681.0,2009
33,260300.0,3035.0,2009
11,76000.0,910.0,2009
1,80900.0,1418.0,2009
12,179400.0,1879.0,2009
23,145200.0,1244.0,2009
24,159900.0,977.0,2009
21,297000.0,1024.0,2009
2,100500.0,1897.5,2009
31,232300.0,2936.0,2009
3,77400.0,1336.0,2009
27,152300.0,1585.0,2009
35,229500.0,2086.0,2009
4,278600.0,2532.0,2009
29,82300.0,1066.0,2009
13,148200.0,1428.0,2009
2,84600.0,1172.0,2009
13,154300.0,1536.0,2009
7,146700.0,1500.0,2009
2,77200.0,1215.0,2009
28,218900.0,4451.0,2009
15,121900.0,1301.0,2009
3,135700.0,1008.0,2009
22,124800.0,2188.16992,2009
12,213100.0,2407.0,2009
22,136400.0,1300.0,2009
2,80000.0,1009.0,2009
11,654000.0,3058.08008,2009
11,105800.0,1310.0,2009
30,87100.0,1134.0,2009
35,183500.0,2036.0,2009
12,137100.0,1229.0,2009
19,89500.0,0.0,2009
6,157500.0,1617.0,2009
28,100800.0,1569.5,2009
4,236400.0,1362.0,2009
20,126200.0,1208.0,2009
22,130700.0,1482.0,2009
21,417900.0,1528.0,2009
7,76600.0,1096.0,2009
1,263900.0,2700.0,2009
32,105600.0,1560.0,2009
28,132100.0,2112.0,2009
33,108000.0,1157.0,2009
33,152300.0,1884.0,2009
4,321900.0,1906.0,2009
3,84100.0,1176.0,2009
28,103000.0,1075.0,2009
7,199600.0,1461.0,2009
11,293000.0,2780.05005,2009
32,110100.0,1602.0,2009
23,148900.0,1009.0,2009
2,88100.0,1050.0,2009
34,460200.0,2266.0,2009
20,76800.0,672.0,2009
32,181500.0,2639.75,2009
34,528400.0,3585.7124,2009
34,432300.0,2978.04004,2009
34,395400.0,2326.0,2009
4,186000.0,1964.0,2009
32,107700.0,1416.0,2009
35,294000.0,1662.0,2009
30,86300.0,988.0,2009
25,1075100.0,4467.0,2009
11,364300.0,1982.0,2009
10,106600.0,1375.5,2009
19,167100.0,828.0,2009
25,664300.0,3362.0,2009
6,111200.0,1487.0,2009
20,144200.0,1424.0,2009
23,150800.0,1321.0,2009
24,283000.0,1676.0,2009
20,97500.0,1170.0,2009
14,147100.0,1520.0,2009
22,346700.0,4414.0,2009
33,141200.0,1833.0,2009
17,209900.0,1274.0,2009
31,159100.0,1605.0,2009
4,200200.0,1660.0,2009
21,55000.0,800.0,2009
18,635600.0,3272.5,2009
16,176700.0,1915.14001,2009
8,53100.0,850.0,2009
13,198400.0,2294.0,2009
1,92800.0,1527.25,2009
30,111800.0,1576.38,2009
4,366600.0,3474.0,2009
35,239200.0,2533.0,2009
8,184800.0,2018.0,2009
7,144500.0,1364.0,2009
15,108100.0,896.0,2009
24,250800.0,1588.0,2009
33,153200.0,1994.0,2009
4,353700.0,3534.0,2009
28,94500.0,1406.0,2009
29,91200.0,1904.0,2009
34,448000.0,3559.0,2009
8,109600.0,1378.0,2009
24,150000.0,1002.0,2009
18,345000.0,2068.0,2009
25,181700.0,1226.0,2009
1,207500.0,2554.0,2009
17,268600.0,2192.0,2009
4,233700.0,3412.0,2009
29,136900.0,1911.0,2009
15,110200.0,1361.0,2009
19,59100.0,594.0,2009
6,104000.0,814.0,2009
6,104400.0,700.0,2009
23,1530500.0,5061.5,2009
8,79300.0,800.0,2009
27,143500.0,1592.5,2009
15,142800.0,1286.0,2009
12,144100.0,2141.0,2009
9,150900.0,1861.75,2009
4,229600.0,3030.5,2009
32,168300.0,1968.90247,2009
14,104900.0,1116.0,2009
8,96100.0,1026.0,2009
12,220700.0,2568.0,2009
12,223300.0,2547.0,2009
33,154700.0,2274.0,2009
12,209100.0,1998.0,2009
29,99900.0,1222.0,2009
14,115400.0,1211.0,2009
34,2997500.0,7090.3999,2009
9,93800.0,1082.0,2009
35,199000.0,2224.5600600000002,2009
20,144600.0,1409.0,2009
15,131900.0,1596.0,2009
28,109400.0,1346.5,2009
12,155300.0,1900.4000199999998,2009
23,169200.0,1458.0,2009
17,120100.0,825.0,2009
12,361900.0,3235.25,2009
20,38000.0,1408.0,2009
33,445400.0,3640.5,2009
9,139100.0,1512.0,2009
27,135800.0,1775.0,2009
20,30900.0,567.0,2009
1,228800.0,2300.0,2009
29,160649.0,2235.0,2009
8,85200.0,1104.0,2009
2,63200.0,960.0,2009
23,332900.0,2156.0,2009
15,144900.0,1756.0,2009
16,140500.0,1550.0,2009
26,129000.0,1325.0,2009
25,289500.0,1874.75,2009
12,175000.0,1573.0,2009
34,808600.0,4911.0,2009
24,493700.0,2915.8501,2009
15,144500.0,1561.0,2009
17,202300.0,1250.0,2009
1,1365000.0,6706.41992,2009
35,222900.0,2262.0,2009
27,129500.0,1342.0,2009
7,110000.0,1582.0,2009
35,248400.0,1851.0,2009
1,405200.0,3362.0,2009
35,220400.0,2102.0,2009
33,87000.0,1539.0,2009
16,123100.0,1075.0,2009
35,282800.0,3142.0,2009
2,62500.0,960.0,2009
28,72900.0,988.0,2009
4,222500.0,2041.3225100000002,2009
10,117500.0,1378.0,2009
11,228100.0,2624.0,2009
10,92200.0,1224.0,2009
35,219500.0,2157.0,2009
33,144900.0,1696.0,2009
11,130900.0,1521.0,2009
3,213300.0,2164.5,2009
12,287700.0,3514.0,2009
30,95600.0,975.0,2009
22,109500.0,1446.75,2009
32,78000.0,1180.0,2009
1,88600.0,1528.0,2009
7,103600.0,1234.0,2009
29,135900.0,1969.0,2009
10,179200.0,2170.0,2009
8,70900.0,1400.0,2009
20,135800.0,1292.0,2009
1,112000.0,1154.0,2009
12,190100.0,2224.0,2009
26,285900.0,1684.0,2009
31,292700.0,1480.0,2009
27,135900.0,1400.0,2009
17,37700.0,1241.0,2009
9,128500.0,1384.0,2009
13,110800.0,1668.0,2009
33,185000.0,2572.0,2009
24,33300.0,567.0,2009
33,190400.0,2328.0,2009
26,108400.0,1650.0,2009
25,301300.0,1452.31995,2009
2,162800.0,2490.0,2009
7,114400.0,1112.0,2009
6,173400.0,2076.0,2009
6,76700.0,945.0,2009
30,73700.0,1840.0,2009
22,156300.0,1452.0,2009
31,276800.0,2654.0,2009
8,249500.0,3136.29004,2009
23,287100.0,2021.0,2009
35,295600.0,2500.0,2009
8,91200.0,1340.0,2009
32,194400.0,2808.0,2009
8,148500.0,1550.0,2009
9,133700.0,1598.13,2009
7,133200.0,1446.0,2009
33,163900.0,2049.0,2009
2,176100.0,2560.0,2009
30,159000.0,2160.0,2009
22,105800.0,1058.0,2009
16,61000.0,660.0,2009
18,317600.0,1228.0,2009
15,203100.0,1924.0,2009
30,123000.0,1633.0,2009
30,128800.0,1180.0,2009
9,102100.0,1176.0,2009
30,105000.0,975.0,2009
23,579700.0,3513.6298799999995,2009
6,181700.0,1386.0,2009
17,138200.0,1281.0,2009
31,124500.0,1728.0,2009
6,76000.0,660.0,2009
4,144700.0,1116.0,2009
13,115200.0,1791.7199699999999,2009
3,92900.0,1300.0,2009
6,284300.0,1407.0,2009
21,196600.0,1397.0,2009
7,128600.0,1750.0,2009
7,114200.0,1522.0,2009
25,416000.0,2060.0,2009
6,55800.0,528.0,2009
3,210100.0,3899.3100600000002,2009
1,158000.0,1450.0,2009
11,143800.0,1645.0,2009
1,124700.0,1988.0,2009
29,137900.0,2030.0,2009
6,64800.0,660.0,2009
28,158800.0,1929.0,2009
25,208300.0,1343.0,2009
6,139500.0,1417.0,2009
32,192600.0,2895.0,2009
2,127300.0,2116.0,2009
19,180100.0,688.0,2009
22,208300.0,2031.0,2009
7,103700.0,1200.0,2009
34,508400.0,2076.0,2009
32,94400.0,1240.0,2009
29,136800.0,2151.0,2009
35,165900.0,1135.0,2009
4,200200.0,1660.0,2009
7,70600.0,864.0,2009
28,183800.0,2896.78003,2009
11,207400.0,2816.0,2009
9,87800.0,1356.0,2009
1,160900.0,1831.0,2009
18,269500.0,1254.0,2009
12,326300.0,3196.0,2009
35,219500.0,2104.5,2009
20,169400.0,2362.0,2009
35,218800.0,1982.0,2009
33,181500.0,2382.0,2009
6,277900.0,1677.0,2009
3,176900.0,1884.0,2009
17,260500.0,1272.0,2009
1,101000.0,1632.0,2009
10,122100.0,1448.0,2009
1,96900.0,1961.0,2009
32,111200.0,1248.0,2009
5,61400.0,709.0,2009
9,88700.0,1055.0,2009
11,331500.0,2470.0,2009
24,726500.0,3826.0,2009
23,441600.0,3566.0,2009
26,58400.0,768.0,2009
21,37000.0,960.0,2009
1,83200.0,1150.0,2009
11,155000.0,1690.0,2009
32,193300.0,2968.0,2009
12,89300.0,1381.0,2009
29,157800.0,1591.0,2009
16,180000.0,2277.0,2009
7,198500.0,2296.0,2009
31,243500.0,2893.0,2009
19,59100.0,594.0,2009
26,312700.0,2808.0,2009
29,133300.0,1912.0,2009
26,113800.0,1030.0,2009
24,303600.0,1999.9399399999998,2009
4,311100.0,3055.0,2009
4,309300.0,3053.0,2009
21,46800.0,960.0,2009
17,440900.0,2904.0,2009
33,139000.0,1505.0,2009
9,57500.0,768.0,2009
10,103300.0,1327.5,2009
3,114500.0,1187.0,2009
33,128100.0,1536.0,2009
9,93400.0,1372.0,2009
34,388100.0,2042.0,2009
30,37900.0,972.0,2009
17,83600.0,1008.0,2009
20,78700.0,720.0,2009
6,160900.0,848.0,2009
15,155600.0,2487.0,2009
21,73200.0,1148.0,2009
7,138300.0,1512.0,2009
34,3010100.0,7782.0,2009
28,128400.0,1463.0,2009
19,232500.0,911.0,2009
25,225300.0,1187.0,2009
6,178500.0,1048.0,2009
3,131000.0,1244.0,2009
35,168800.0,1616.0,2009
18,270000.0,1335.0,2009
5,74200.0,850.0,2009
1,106100.0,1475.0,2009
25,357200.0,1897.62,2009
6,316500.0,2346.0,2009
13,104400.0,1100.0,2009
21,208100.0,1080.0,2009
11,117100.0,1408.0,2009
22,187000.0,1824.0,2009
29,112600.0,1300.0,2009
35,165500.0,1404.0,2009
19,186300.0,1360.0,2009
4,243000.0,2993.0,2009
33,163500.0,1950.0,2009
33,118300.0,1268.0,2009
26,231100.0,1706.0,2009
31,127300.0,2100.55005,2009
33,123400.0,1404.0,2009
23,453300.0,2882.0,2009
22,236000.0,2062.3999,2009
17,382600.0,1792.0,2009
15,105000.0,993.35999,2009
2,98100.0,1040.0,2009
13,75100.0,1020.0,2009
9,100900.0,1290.0,2009
34,1451500.0,4030.0,2009
32,156400.0,2064.0,2009
28,118800.0,1850.0,2009
34,610200.0,3310.0,2009
4,312900.0,3104.0,2009
27,134100.0,1592.0,2009
34,544000.0,3089.0,2009
28,125200.0,1235.0,2009
2,42500.0,816.0,2009
24,196200.0,1235.0,2009
23,222500.0,1608.0,2009
7,73300.0,1260.0,2009
13,172400.0,2190.0,2009
10,147100.0,1255.0,2009
9,101200.0,1434.0,2009
2,53100.0,864.0,2009
10,99700.0,1066.0,2009
12,219900.0,2587.11499,2009
8,217500.0,2352.0,2009
9,84600.0,943.0,2009
25,341000.0,1689.0,2009
22,487100.0,4003.19995,2009
25,167900.0,1600.0,2009
6,142400.0,1198.0,2009
24,244900.0,2089.0,2009
33,82600.0,1063.0,2009
27,132600.0,1746.0,2009
27,145300.0,1658.0,2009
11,138900.0,1622.0,2009
12,129700.0,1501.0,2009
22,181300.0,1902.0,2009
32,216700.0,2212.19995,2009
29,109500.0,1452.0,2009
7,266700.0,1903.0,2009
3,179900.0,2010.0,2009
2,229700.0,4806.0,2009
23,631400.0,3744.0,2009
8,87300.0,782.0,2009
27,132200.0,1676.25,2009
25,217300.0,1352.0,2009
3,264000.0,3982.0,2009
3,139300.0,2076.0,2009
28,142200.0,1879.0,2009
3,115200.0,1377.0,2009
6,475600.0,2807.0,2009
24,328300.0,1872.0,2009
30,156100.0,2691.36011,2009
26,231896.0,1443.0,2009
2,137500.0,1551.0,2009
6,117600.0,1159.0,2009
10,161500.0,1839.0,2009
34,131400.0,716.0,2009
11,184800.0,2694.0,2009
26,120700.0,1850.0,2009
7,96300.0,950.0,2009
8,145500.0,1478.0,2009
8,76400.0,948.0,2009
6,221800.0,2390.8501,2009
12,151900.0,2250.0,2009
8,124700.0,1795.0,2009
1,212900.0,2246.0,2009
15,115700.0,1386.0,2009
32,103400.0,1320.0,2009
21,58200.0,899.0,2009
11,286600.0,2738.0,2009
18,250200.0,1467.0,2009
13,102400.0,905.0,2009
24,199100.0,1050.0,2009
28,114600.0,1675.0,2009
31,159400.0,1765.0,2009
15,103100.0,1090.0,2009
13,136900.0,1944.0,2009
21,51700.0,1113.0,2009
11,121100.0,1254.0,2009
15,128500.0,1377.0,2009
29,10200.0,0.0,2009
33,124700.0,1471.0,2009
7,124400.0,1124.0,2009
16,81900.0,792.0,2009
4,198500.0,1837.0,2009
35,180000.0,2010.0,2009
11,166400.0,2004.0,2009
28,154200.0,2480.47998,2009
15,164900.0,2134.0,2009
26,102600.0,1125.0,2009
24,306000.0,1960.0,2009
12,107400.0,1159.0,2009
29,79300.0,1177.0,2009
30,101600.0,1500.0,2009
25,193400.0,1343.0,2009
20,94000.0,1441.0,2009
15,129500.0,1200.0,2009
33,120700.0,1437.0,2009
8,120400.0,1442.0,2009
7,121700.0,1156.0,2009
8,99300.0,1044.0,2009
14,119800.0,1224.0,2009
35,194000.0,1765.0,2009
4,313600.0,2970.0,2009
23,3092400.0,7893.5,2009
22,182500.0,1525.0,2009
21,78400.0,1870.0,2009
30,140500.0,1628.0,2009
12,160400.0,1898.89001,2009
10,126300.0,1310.0,2009
26,88900.0,1363.0,2009
34,489100.0,3170.0,2009
3,115400.0,1902.0,2009
9,87000.0,936.0,2009
26,141500.0,1100.0,2009
16,123600.0,1000.0,2009
24,177500.0,1138.0,2009
8,161800.0,2420.25,2009
6,75900.0,888.0,2009
31,180400.0,2037.0,2009
10,106400.0,2376.0,2009
25,600500.0,3385.0,2009
12,299200.0,3073.0,2009
22,270500.0,2829.0,2009
21,63300.0,960.0,2009
21,99000.0,1113.0,2009
34,168600.0,1664.0,2009
31,123200.0,1352.0,2009
4,314600.0,3290.5900899999997,2009
34,359400.0,2282.0,2009
17,92100.0,1320.0,2009
34,479900.0,2591.0,2009
33,118600.0,1566.0,2009
30,112400.0,1510.0,2009
3,109900.0,1459.0,2009
25,426000.0,3123.0,2009
35,300800.0,2970.0,2009
3,144100.0,2196.0,2009
25,317500.0,2401.0,2009
2,102800.0,1525.0,2009
11,104800.0,1100.0,2009
10,178300.0,2460.78003,2009
19,165500.0,777.0,2009
26,120400.0,1282.0,2009
33,101000.0,1196.0,2009
33,72200.0,1116.0,2009
10,113000.0,1075.0,2009
12,118000.0,1188.0,2009
25,733200.0,4583.0,2009
4,177400.0,2370.0,2009
3,75300.0,1134.0,2009
28,167000.0,1618.0,2009
35,293300.0,1808.0,2009
35,290400.0,3295.0,2009
34,609700.0,2913.0,2013
25,525200.0,4613.93994,2013
23,236400.0,1850.0,2013
30,100100.0,1125.0,2013
19,259700.0,1555.0,2013
17,75000.0,1544.0,2013
6,164400.0,1216.0,2013
25,419900.0,2952.0,2013
1,82800.0,2050.0,2013
22,183800.0,1752.0,2013
15,96800.0,1276.12,2013
1,332900.0,2770.0,2013
6,168700.0,1025.0,2013
26,65800.0,1024.0,2013
19,238300.0,864.0,2013
31,144900.0,1509.0,2013
27,199900.0,2287.52002,2013
3,243000.0,2630.0,2013
7,203200.0,2207.0,2013
31,187600.0,2270.0,2013
6,176100.0,1494.07996,2013
24,278000.0,1221.0,2013
34,376900.0,3292.12012,2013
12,129000.0,1136.0,2013
16,103900.0,1170.0,2013
26,169400.0,1160.0,2013
1,226400.0,3150.3999,2013
29,80800.0,1656.0,2013
25,184700.0,1044.0,2013
3,213400.0,2650.87988,2013
14,146500.0,2116.5,2013
12,201900.0,2249.5,2013
14,178500.0,1800.0,2013
11,123700.0,1200.0,2013
7,127500.0,1225.0,2013
28,119900.0,1351.0,2013
16,135800.0,1966.25,2013
22,166600.0,1694.0,2013
31,160600.0,1848.0,2013
22,77100.0,900.0,2013
7,86400.0,1428.0,2013
23,435000.0,5266.0,2013
7,73400.0,776.0,2013
7,117500.0,1648.5,2013
26,218500.0,1587.0,2013
12,176600.0,2100.0,2013
28,112900.0,1244.0,2013
18,424800.0,2768.0,2013
18,388500.0,1880.0,2013
20,187500.0,2611.4399399999998,2013
20,176800.0,1556.0,2013
12,148100.0,1852.0,2013
32,138400.0,1709.0,2013
7,51000.0,1050.0,2013
14,105900.0,1203.0,2013
20,110200.0,1190.0,2013
1,83800.0,2050.0,2013
13,120900.0,1546.0,2013
12,123800.0,1192.0,2013
22,169000.0,2067.6001,2013
23,372900.0,3491.3100600000002,2013
1,80700.0,1231.0,2013
20,137600.0,1422.0,2013
18,340500.0,2000.5,2013
28,93000.0,1075.0,2013
31,181600.0,3150.0,2013
20,155400.0,2316.0,2013
17,307000.0,1740.0,2013
17,240900.0,1275.0,2013
12,113700.0,1222.0,2013
31,192600.0,1744.0,2013
31,150600.0,1368.0,2013
24,200900.0,1370.0,2013
11,148800.0,1464.0,2013
13,140600.0,1470.0,2013
17,135400.0,996.0,2013
17,80800.0,1036.0,2013
2,86200.0,1340.0,2013
29,71800.0,1520.0,2013
24,445400.0,2296.0,2013
26,115300.0,1650.0,2013
16,113300.0,1096.0,2013
24,315200.0,2116.0,2013
24,307100.0,1536.0,2013
19,227100.0,964.0,2013
1,57600.0,975.0,2013
12,75600.0,1020.0,2013
15,103700.0,1068.0,2013
28,105500.0,1705.0,2013
26,17200.0,1096.0,2013
8,103300.0,1091.0,2013
29,169100.0,2717.0,2013
30,47700.0,844.0,2013
10,161300.0,2346.08008,2013
19,314600.0,2058.0,2013
2,91500.0,1148.0,2013
19,434700.0,1387.0,2013
31,206200.0,1779.0,2013
28,145200.0,2084.0,2013
31,86100.0,1040.0,2013
7,221300.0,2841.0,2013
23,678200.0,3854.0,2013
14,113500.0,1450.0,2013
17,116400.0,925.0,2013
25,384300.0,2434.0,2013
1,79900.0,798.0,2013
28,145200.0,2144.0,2013
14,160300.0,2368.76001,2013
29,102300.0,1260.0,2013
20,131400.0,1650.0,2013
9,139400.0,1598.13,2013
15,119300.0,1243.0,2013
3,424300.0,3160.0,2013
22,164600.0,1694.0,2013
32,87500.0,1452.0,2013
12,120500.0,1341.0,2013
17,209100.0,866.0,2013
29,129300.0,1950.0,2013
6,93200.0,810.0,2013
34,137000.0,992.0,2013
31,212900.0,2112.0,2013
17,68500.0,911.0,2013
14,168900.0,1767.0,2013
16,68400.0,912.0,2013
5,81200.0,1241.0,2013
13,180600.0,2582.0,2013
17,101300.0,992.0,2013
14,117200.0,1356.0,2013
25,307200.0,1449.0,2013
19,120600.0,504.0,2013
19,299600.0,1257.0,2013
10,136600.0,1250.0,2013
12,183000.0,2642.0,2013
22,137700.0,1327.0,2013
4,290500.0,1898.0,2013
33,155000.0,2485.0,2013
26,199700.0,2815.0,2013
17,73100.0,1228.0,2013
22,150400.0,1920.0,2013
16,47900.0,720.0,2013
3,76800.0,1050.0,2013
3,98400.0,1475.0,2013
1,67600.0,1950.0,2013
23,233100.0,2325.12012,2013
25,183900.0,1280.0,2013
3,141600.0,1450.0,2013
3,131000.0,1443.0,2013
26,297300.0,2522.0,2013
13,126700.0,1536.0,2013
15,111400.0,1349.0,2013
12,192700.0,2827.1001,2013
5,134600.0,1286.0,2013
29,126000.0,1595.0,2013
25,360000.0,2086.0,2013
16,97900.0,1150.0,2013
24,156800.0,912.0,2013
26,95800.0,1025.0,2013
9,112500.0,1199.0,2013
31,130600.0,1174.0,2013
26,205900.0,1575.0,2013
5,48300.0,1040.0,2013
11,161200.0,1635.0,2013
5,74000.0,896.0,2013
6,361800.0,1699.0,2013
27,108300.0,1172.0,2013
29,66500.0,1240.0,2013
13,105400.0,1584.0,2013
17,225100.0,1274.0,2013
31,523800.0,4341.0,2013
21,56900.0,774.0,2013
2,61500.0,1141.0,2013
8,89900.0,1452.0,2013
19,236400.0,837.0,2013
11,311500.0,3367.3400899999997,2013
11,59000.0,728.0,2013
15,123200.0,1179.0,2013
28,111600.0,1324.0,2013
10,170300.0,1922.0,2013
13,198600.0,2271.0,2013
6,272000.0,2018.0,2013
33,216100.0,3258.0,2013
24,504900.0,3131.25,2013
30,96800.0,975.0,2013
14,138100.0,1815.25,2013
29,146300.0,1856.0,2013
6,118200.0,950.0,2013
21,64000.0,960.0,2013
10,166900.0,2073.0,2013
31,158400.0,1606.0,2013
31,176100.0,1524.0,2013
24,960200.0,4177.0,2013
15,143200.0,1559.0,2013
9,98800.0,1182.0,2013
6,238500.0,1544.0,2013
27,159400.0,1410.0,2013
22,380300.0,2571.0,2013
13,125500.0,1188.0,2013
4,309100.0,2574.0,2013
5,95500.0,910.0,2013
6,340800.0,2900.5,2013
6,155900.0,2328.0,2013
16,72800.0,1204.0,2013
17,190100.0,1334.0,2013
31,326200.0,2784.0,2013
14,141000.0,1216.0,2013
4,313900.0,3106.0,2013
16,105000.0,1075.0,2013
17,38500.0,512.0,2013
35,190400.0,1908.0,2013
24,262100.0,1228.0,2013
26,89400.0,936.0,2013
24,748500.0,3801.0,2013
6,223500.0,1528.0,2013
14,175600.0,1899.0,2013
13,91300.0,1198.0,2013
23,88700.0,1053.0,2013
29,103500.0,1450.0,2013
28,117800.0,2038.0,2013
19,293600.0,808.0,2013
1,73900.0,1025.0,2013
24,412700.0,3219.0,2013
11,156700.0,2100.0,2013
11,122200.0,1055.0,2013
13,150300.0,1538.0,2013
2,102800.0,1410.0,2013
15,114800.0,1444.0,2013
11,81000.0,884.0,2013
22,148300.0,1804.0,2013
10,134700.0,1404.0,2013
15,487500.0,5005.47998,2013
35,224200.0,2443.5,2013
31,443200.0,3610.0,2013
4,192100.0,2010.0,2013
2,148500.0,1731.0,2013
7,94400.0,1219.0,2013
11,143100.0,2030.0,2013
1,94700.0,1400.0,2013
20,132700.0,1325.0,2013
28,95100.0,1870.0,2013
1,239200.0,2323.0,2013
5,139000.0,1196.0,2013
15,194500.0,1740.0,2013
4,124100.0,992.0,2013
22,144300.0,1798.0,2013
20,134600.0,1386.0,2013
11,121100.0,1532.0,2013
19,195800.0,1260.0,2013
18,679200.0,3026.6599100000003,2013
9,113700.0,1383.0,2013
30,118600.0,1617.0,2013
31,185500.0,1808.0,2013
5,133500.0,996.0,2013
29,114600.0,1724.0,2013
4,446300.0,3374.38989,2013
25,339200.0,2160.0,2013
11,139800.0,1601.0,2013
22,143300.0,1125.0,2013
20,108600.0,816.0,2013
2,54500.0,1152.0,2013
1,106700.0,2678.0,2013
16,150600.0,2648.0,2013
18,396300.0,1888.7399899999998,2013
31,148200.0,1280.0,2013
20,98000.0,1260.0,2013
27,158300.0,1617.0,2013
17,131200.0,850.0,2013
17,93300.0,625.0,2013
20,83400.0,912.0,2013
2,100500.0,1071.0,2013
8,164600.0,2143.0,2013
14,105900.0,1176.0,2013
7,178100.0,1346.0,2013
9,122800.0,2500.0,2013
12,136600.0,1335.0,2013
13,116000.0,1666.0,2013
6,453200.0,3494.0,2013
15,109700.0,1260.0,2013
31,220800.0,2826.0,2013
8,178300.0,2486.0,2013
35,268300.0,2348.0,2013
7,71300.0,840.0,2013
34,146400.0,1298.0,2013
17,77800.0,792.0,2013
21,195500.0,704.0,2013
12,123100.0,1053.0,2013
11,138800.0,2568.0,2013
18,224100.0,1320.0,2013
31,138200.0,1296.0,2013
11,141700.0,1640.0,2013
24,350100.0,1291.0,2013
25,335600.0,1874.0,2013
8,162000.0,1836.0,2013
7,209100.0,2128.80005,2013
8,114000.0,1424.0,2013
30,33500.0,972.0,2013
6,239400.0,1785.0,2013
6,178400.0,1104.0,2013
25,215600.0,1468.0,2013
9,106300.0,1550.0,2013
11,135200.0,1830.0,2013
1,92400.0,1534.0,2013
31,233000.0,3221.0,2013
12,131800.0,1950.0,2013
7,126100.0,1023.0,2013
9,84500.0,1100.0,2013
30,113400.0,1521.0,2013
9,106900.0,1212.0,2013
15,114400.0,1262.0,2013
20,118000.0,1160.0,2013
26,116400.0,1244.0,2013
5,29800.0,816.0,2013
21,271600.0,1232.0,2013
6,134200.0,952.0,2013
29,144400.0,2095.19995,2013
25,441800.0,3456.0,2013
19,190600.0,880.0,2013
11,155100.0,1842.0,2013
5,63700.0,836.0,2013
2,138500.0,1588.0,2013
2,103680.0,864.0,2013
35,265100.0,2892.0,2013
15,94600.0,1275.0,2013
32,137200.0,1208.0,2013
19,167200.0,1024.0,2013
9,94400.0,969.0,2013
28,102300.0,1180.0,2013
32,152700.0,2240.0,2013
2,102700.0,1992.0,2013
32,108700.0,1226.0,2013
15,277300.0,2476.0,2013
16,57000.0,864.0,2013
25,487000.0,2666.0,2013
22,161000.0,1525.0,2013
34,230600.0,2220.87988,2013
35,261700.0,2294.0,2013
17,227000.0,1274.0,2013
13,175800.0,2330.0,2013
27,86300.0,1109.0,2013
20,105400.0,1049.0,2013
29,135900.0,1757.0,2013
28,81500.0,1238.0,2013
21,52300.0,888.0,2013
6,353800.0,2756.3149399999998,2013
4,286000.0,2407.0,2013
6,50200.0,936.0,2013
11,213900.0,2388.0,2013
29,140300.0,2207.0,2013
35,252900.0,2106.0,2013
1,209300.0,1534.0,2013
30,95900.0,1472.25,2013
26,237300.0,1743.0,2013
7,386700.0,3053.0,2013
25,332300.0,1444.0,2013
7,92400.0,1284.0,2013
34,656300.0,4093.0,2013
15,107900.0,1232.0,2013
29,120900.0,1664.0,2013
15,81500.0,1032.0,2013
6,151200.0,1503.0,2013
7,118600.0,1989.0,2013
22,177300.0,1686.0,2013
34,6533800.0,7882.0,2013
20,74500.0,848.0,2013
21,38500.0,959.0,2013
8,132600.0,1425.0,2013
29,139300.0,2180.0,2013
17,285800.0,1524.0,2013
9,135800.0,1485.0,2013
11,131400.0,1772.25,2013
4,270800.0,3412.0,2013
5,96800.0,928.0,2013
31,219400.0,2342.0,2013
3,155900.0,1981.0,2013
26,143600.0,1100.0,2013
31,147200.0,1368.0,2013
8,120500.0,900.0,2013
10,121800.0,1822.0,2013
12,226500.0,2666.0,2013
25,336900.0,1546.0,2013
22,134100.0,1515.0,2013
7,144800.0,1550.0,2013
33,151700.0,1899.0,2013
31,224400.0,3481.0,2013
33,423300.0,3108.0,2013
3,127900.0,1097.0,2013
12,211100.0,2500.0,2013
12,134300.0,2024.77002,2013
15,137000.0,1698.0,2013
28,116400.0,1887.0,2013
33,186000.0,2314.0,2013
35,224200.0,2301.0,2013
13,128100.0,1774.0,2013
22,116500.0,1067.0,2013
25,129500.0,584.0,2013
23,363000.0,3166.25,2013
7,85900.0,1145.0,2013
16,93600.0,1080.0,2013
25,511900.0,3155.0,2013
33,117600.0,1776.0,2013
24,558100.0,3317.0,2013
31,130000.0,1162.0,2013
4,124100.0,992.0,2013
10,102800.0,1313.0,2013
7,232400.0,1970.5,2013
27,375300.0,3520.80005,2013
32,93400.0,1231.0,2013
16,120000.0,1469.2199699999999,2013
15,73500.0,946.0,2013
34,906900.0,4945.5,2013
24,99800.0,460.0,2013
3,105700.0,1780.0,2013
34,371600.0,2283.8999,2013
8,73700.0,1344.0,2013
12,129300.0,1526.0,2013
4,309100.0,2850.0,2013
32,113600.0,1183.0,2013
22,177800.0,1824.0,2013
7,113200.0,1502.0,2013
6,223000.0,1581.0,2013
14,107300.0,1088.0,2013
5,91100.0,2596.0,2013
35,259100.0,2815.0,2013
29,125200.0,1614.0,2013
12,147700.0,1852.0,2013
27,138900.0,1403.0,2013
18,552600.0,3843.0,2013
5,98100.0,1245.0,2013
21,195500.0,704.0,2013
32,85400.0,1780.0,2013
5,80200.0,1079.0,2013
23,229300.0,2325.12012,2013
18,867400.0,4367.0,2013
28,154200.0,1898.0,2013
5,99200.0,2240.0,2013
33,91600.0,1062.0,2013
4,282600.0,3458.82007,2013
7,232900.0,2176.0,2013
24,442600.0,2246.3999,2013
7,153700.0,1635.0,2013
35,348400.0,3236.5,2013
20,128600.0,2050.0,2013
1,359000.0,4266.3501,2013
30,110700.0,1845.0,2013
31,155300.0,1320.0,2013
33,139300.0,1851.0,2013
26,203200.0,1506.0,2013
4,423400.0,3057.0,2013
9,218000.0,2143.6001,2013
26,115800.0,1475.0,2013
25,322300.0,1788.0,2013
1,167000.0,2730.0,2013
13,204800.0,2495.0,2013
22,173600.0,1789.0,2013
15,152800.0,1464.0,2013
14,126400.0,1700.0,2013
33,147700.0,2116.0,2013
8,173400.0,1760.0,2013
6,65900.0,630.0,2013
19,69300.0,826.0,2013
6,278700.0,1209.0,2013
30,105400.0,1176.0,2013
16,180300.0,2413.61987,2013
26,275900.0,3108.0,2013
11,69000.0,854.0,2013
31,161900.0,1606.0,2013
15,74900.0,865.0,2013
1,476900.0,4988.0,2013
15,126100.0,1242.0,2013
17,68300.0,1444.0,2013
29,131600.0,1798.0,2013
31,211100.0,3587.0,2013
17,147500.0,1086.0,2013
3,51600.0,912.0,2013
32,76100.0,1260.0,2013
15,245700.0,2348.0,2013
1,70600.0,1280.0,2013
4,338900.0,3511.0,2013
33,106000.0,1092.0,2013
35,328300.0,3462.1001,2013
8,106000.0,1473.0,2013
13,97100.0,1750.0,2013
1,374800.0,3386.0,2013
11,168900.0,3000.0,2013
29,96400.0,1440.0,2013
29,112500.0,1525.0,2013
20,151700.0,1550.0,2013
6,73900.0,672.0,2013
17,275400.0,1983.52002,2013
33,140100.0,2001.0,2013
20,92800.0,900.0,2013
15,129500.0,1618.0,2013
8,204000.0,2207.8501,2013
2,106300.0,1315.0,2013
1,172300.0,2406.0,2013
28,102900.0,1825.0,2013
3,117000.0,1614.0,2013
35,164600.0,1399.0,2013
15,189100.0,2606.01001,2013
6,195000.0,1224.0,2013
11,84600.0,1039.0,2013
35,206200.0,2088.0,2013
4,308200.0,3310.0,2013
3,259900.0,2599.3501,2013
35,260800.0,3056.0,2013
1,138300.0,1733.0,2013
18,83100.0,552.0,2013
21,60800.0,2126.0,2013
34,411100.0,2589.0,2013
3,226100.0,2337.0,2013
16,114700.0,975.0,2013
16,94600.0,1164.0,2013
4,336600.0,3090.5,2013
4,202100.0,2076.0,2013
4,211200.0,2599.5,2013
12,221200.0,2888.0,2013
14,141900.0,1833.0,2013
1,170400.0,1680.0,2013
2,136400.0,2409.47998,2013
21,310100.0,1144.0,2013
28,160200.0,2368.0,2013
3,183900.0,2095.0,2013
6,156600.0,1560.0,2013
4,264400.0,2955.0,2013
11,126700.0,1415.0,2013
18,206100.0,934.0,2013
31,106300.0,1224.0,2013
21,109700.0,800.0,2013
12,194200.0,2532.77002,2013
16,90500.0,1000.0,2013
4,180900.0,1869.1500199999998,2013
19,240600.0,1856.0,2013
6,172600.0,1316.0,2013
24,165300.0,1138.0,2013
31,217500.0,2384.0,2013
13,77600.0,1054.0,2013
33,414100.0,4708.5,2013
29,108700.0,1821.0,2013
16,80300.0,984.0,2013
18,420200.0,2311.0,2013
24,447500.0,2340.0,2013
9,143900.0,1931.0,2013
2,92700.0,1104.0,2013
34,386000.0,2576.0,2013
12,122900.0,1438.0,2013
26,101400.0,1368.0,2013
25,321700.0,1545.0,2013
26,175300.0,1053.0,2013
33,282000.0,1300.0,2013
26,177000.0,1150.0,2013
12,191100.0,3164.95996,2013
17,254100.0,1004.0,2013
6,285400.0,1651.0,2013
33,113400.0,2304.75,2013
3,157500.0,2080.0,2013
7,88800.0,1200.0,2013
11,109000.0,1452.0,2013
29,115100.0,1918.0,2013
22,132900.0,1493.0,2013
29,124400.0,1672.5,2013
22,209500.0,2344.0,2013
25,326000.0,1426.0,2013
11,205400.0,1969.0,2013
9,144000.0,1698.0,2013
5,136300.0,2232.0,2013
9,101200.0,1484.0,2013
12,94800.0,1381.0,2013
7,158900.0,2500.0,2013
8,103200.0,1100.0,2013
4,123700.0,992.0,2013
19,490300.0,1906.0,2013
13,106200.0,1280.0,2013
8,137800.0,1719.0,2013
1,146100.0,2245.0,2013
16,107900.0,963.0,2013
21,111500.0,750.0,2013
28,143000.0,1808.0,2013
17,279300.0,1310.0,2013
19,871600.0,2075.0,2013
34,379300.0,2471.0,2013
33,109900.0,1401.0,2013
3,112900.0,1790.0,2013
2,75700.0,984.0,2013
31,200400.0,2486.0,2013
31,214700.0,2188.0,2013
12,165800.0,2008.0,2013
35,221900.0,1794.0,2013
21,46600.0,960.0,2013
11,73300.0,887.0,2013
19,196400.0,951.0,2013
33,131500.0,1755.0,2013
24,361300.0,2138.0,2013
8,120800.0,1559.0,2013
27,161200.0,1750.75,2013
3,106700.0,1320.0,2013
19,314600.0,2058.0,2013
22,203400.0,1868.0,2013
14,126000.0,1722.5,2013
20,122200.0,1358.0,2013
23,590000.0,3617.0,2013
31,147900.0,1478.0,2013
22,189500.0,1984.0,2013
20,172200.0,1680.0,2013
23,791000.0,5447.3999,2013
1,72200.0,1150.0,2013
3,152900.0,1984.0,2013
32,93900.0,1248.0,2013
34,757900.0,4651.0,2013
35,151800.0,1500.0,2013
14,110300.0,1088.0,2013
17,196800.0,1152.0,2013
4,254600.0,2953.13989,2013
33,110400.0,1289.0,2013
22,149800.0,1798.0,2013
30,77100.0,1100.0,2013
13,148700.0,1794.0,2013
33,122300.0,1091.0,2013
33,66100.0,1194.0,2013
31,250400.0,3268.0,2013
22,197200.0,2052.0,2013
31,184600.0,1613.0,2013
12,57800.0,1134.0,2013
10,118800.0,1526.0,2013
21,192900.0,1185.0,2013
10,93500.0,1060.0,2013
12,140000.0,1845.0,2013
10,260000.0,3207.0,2013
25,213100.0,1360.0,2013
7,76500.0,800.0,2013
35,234100.0,2667.0,2013
1,96500.0,1508.0,2013
21,43800.0,672.0,2013
23,105600.0,892.0,2013
11,362900.0,4620.0,2013
23,1050600.0,5589.0,2013
21,59900.0,960.0,2013
17,252600.0,972.0,2013
35,270700.0,3159.0,2013
29,124900.0,2217.0,2013
13,142700.0,1490.0,2013
4,275600.0,2479.0,2013
28,60300.0,1098.0,2013
4,232500.0,2083.0,2013
18,683400.0,3675.0,2013
34,1401700.0,8794.08008,2013
26,106500.0,1075.0,2013
33,147200.0,2184.0,2013
29,112700.0,1926.0,2013
22,159900.0,1704.0,2013
29,89100.0,1216.0,2013
3,179600.0,2325.0,2013
19,146800.0,1120.0,2013
6,408900.0,2277.5,2013
21,53500.0,972.0,2013
30,105700.0,1206.0,2013
11,93500.0,1050.0,2013
17,221500.0,1396.0,2013
1,38400.0,1150.0,2013
29,137700.0,1940.0,2013
32,127500.0,1274.0,2013
24,449400.0,2280.0,2013
4,394100.0,3686.0,2013
2,37900.0,600.0,2013
19,120900.0,1248.0,2013
1,80900.0,820.0,2013
19,305600.0,1430.0,2013
28,95800.0,1100.0,2013
18,44600.0,816.0,2013
23,942600.0,5315.0,2013
8,111900.0,1155.0,2013
1,517300.0,3563.0,2013
10,118300.0,1239.0,2013
24,204900.0,1886.0,2013
21,48100.0,867.0,2013
23,675700.0,2313.0,2013
3,139100.0,1458.0,2013
31,128800.0,1162.0,2013
22,182500.0,2031.0,2013
23,566600.0,4144.0,2013
25,353700.0,2398.0,2013
9,128100.0,1430.0,2013
11,161300.0,2460.75,2013
12,331300.0,3001.0,2013
28,127200.0,1659.0,2013
1,362800.0,3445.5,2013
31,256800.0,2070.0,2013
33,131700.0,2124.0,2013
31,197300.0,1614.0,2013
21,41000.0,866.0,2013
20,260300.0,2298.36011,2013
2,108500.0,1525.0,2013
1,205000.0,1650.0,2013
34,642100.0,3246.0,2013
11,398100.0,3402.5,2013
7,162400.0,1712.0,2013
4,374300.0,3796.5,2013
31,109700.0,1762.5,2013
11,132100.0,1853.0,2013
35,176700.0,1554.0,2013
22,211100.0,2214.0,2013
13,94600.0,2050.0,2013
25,312800.0,1498.0,2013
21,90800.0,1308.0,2013
28,108500.0,1600.0,2013
34,455700.0,2563.0,2013
17,146300.0,1284.0,2013
6,176500.0,1827.0,2013
24,331900.0,1744.0,2013
24,844100.0,4330.0,2013
33,119500.0,1355.0,2013
34,438300.0,3032.5,2013
29,100200.0,1166.0,2013
31,198100.0,1744.0,2013
29,142800.0,2246.0,2013
4,297400.0,2721.0,2013
30,94200.0,1000.0,2013
15,162300.0,1848.0,2013
15,418100.0,4077.4799799999996,2013
31,203700.0,2095.0,2013
5,112700.0,1381.0,2013
31,155500.0,1595.0,2013
22,171100.0,2134.25,2013
27,85300.0,1088.0,2013
21,44400.0,1098.0,2013
20,96000.0,1000.0,2013
33,119800.0,1492.0,2013
5,70700.0,775.0,2013
17,98900.0,960.0,2013
27,147400.0,1171.0,2013
18,324700.0,2300.0,2013
19,273100.0,1288.0,2013
31,145900.0,1641.0,2013
29,130800.0,2030.0,2013
20,108300.0,1317.0,2013
11,134800.0,1552.1626,2013
16,142100.0,1745.0,2013
23,283000.0,2085.0,2013
6,165000.0,1020.0,2013
22,183200.0,2031.0,2013
2,164500.0,3189.2002,2013
10,92300.0,1066.0,2013
7,261500.0,2950.0,2013
19,387200.0,988.0,2013
35,374700.0,2968.625,2013
3,131000.0,2580.0,2013
7,142900.0,1301.0,2013
7,197600.0,1494.0,2013
23,670200.0,2298.0,2013
14,95200.0,1116.0,2013
6,272700.0,1100.0,2013
15,76800.0,1054.0,2013
12,147200.0,1618.0,2013
33,96500.0,1224.0,2013
26,199500.0,1921.25,2013
7,240000.0,1720.5,2013
13,80600.0,768.0,2013
9,116800.0,1644.0,2013
1,231300.0,2402.0,2013
1,95200.0,1250.0,2013
24,1185700.0,7800.0,2013
6,147800.0,1406.0,2013
15,129900.0,1596.0,2013
29,119200.0,1694.0,2013
2,90100.0,1064.0,2013
2,104700.0,1780.0,2013
31,243100.0,2360.0,2013
33,121100.0,2004.0,2013
1,95100.0,1422.0,2013
6,147000.0,1080.0,2013
34,1061800.0,7468.0,2013
35,390900.0,5629.76025,2013
27,168600.0,1512.0,2013
35,249200.0,3027.0,2013
24,200600.0,1344.0,2013
6,140000.0,1408.0,2013
7,179500.0,2450.0,2013
23,1048900.0,5106.2998,2013
22,172300.0,1664.0,2013
33,156400.0,1772.0,2013
11,81800.0,871.0,2013
35,225300.0,2614.0,2013
20,63700.0,630.0,2013
33,101000.0,1184.0,2013
23,613300.0,3252.0,2013
30,104600.0,1100.0,2013
16,126700.0,1747.5,2013
2,98800.0,1793.0,2013
22,131300.0,1585.0,2013
29,105800.0,1904.0,2013
28,132200.0,1936.0,2013
26,189400.0,1762.25,2013
8,109500.0,1367.0,2013
32,73100.0,1159.0,2013
11,149600.0,1374.0,2013
33,135800.0,1596.0,2013
15,152700.0,1404.0,2013
29,118300.0,1980.0,2013
10,132300.0,2079.0,2013
14,115200.0,1294.0,2013
11,163300.0,1560.0,2013
19,233800.0,1157.0,2013
32,92500.0,1248.0,2013
22,97700.0,1170.0,2013
34,463200.0,2453.91992,2013
12,146100.0,1846.0,2013
30,104000.0,1350.0,2013
13,106100.0,1584.0,2013
3,98400.0,1180.0,2013
4,123700.0,992.0,2013
27,130800.0,1350.0,2013
16,108600.0,1286.0,2013
14,83000.0,912.0,2013
33,81800.0,957.0,2013
10,102000.0,1025.0,2013
18,108500.0,736.0,2013
1,188500.0,1170.0,2013
21,49600.0,875.0,2013
34,1432000.0,6169.0,2013
31,50100.0,720.0,2013
19,194600.0,820.0,2013
33,119700.0,1550.0,2013
20,56400.0,968.0,2013
23,350400.0,3067.5,2013
33,160900.0,2818.0,2013
24,146800.0,918.0,2013
1,276600.0,2953.0,2013
18,572400.0,3337.25,2013
32,150000.0,1936.0,2013
32,87700.0,1416.0,2013
31,195400.0,2284.0,2013
22,126300.0,1000.0,2013
27,86300.0,1109.0,2013
6,434500.0,2396.0,2013
17,430000.0,2468.0,2013
33,65200.0,1154.0,2013
6,142200.0,1044.0,2013
30,97800.0,1437.23999,2013
9,112800.0,1292.0,2013
27,245100.0,2740.0,2013
6,163700.0,1458.0,2013
31,202800.0,2368.0,2013
34,146400.0,1298.0,2013
35,266600.0,2443.0,2013
27,173900.0,1638.0,2013
12,139900.0,1174.0,2013
18,189600.0,1081.0,2013
4,338000.0,2962.0,2013
23,337200.0,2500.0,2013
15,154300.0,1881.0,2013
21,321600.0,2030.69995,2013
25,478500.0,4664.0,2013
15,186800.0,1683.85999,2013
33,143500.0,2320.0,2013
32,92500.0,1248.0,2013
21,209500.0,1454.0,2013
8,111800.0,1194.0,2013
20,128600.0,1828.0,2013
33,130300.0,1568.0,2013
3,157500.0,1634.0,2013
13,47300.0,1102.0,2013
34,243600.0,1992.0,2013
17,306600.0,2483.0,2013
24,254400.0,1089.0,2013
7,133000.0,1075.0,2013
12,187800.0,2200.0,2013
10,94200.0,1350.0,2013
13,58600.0,875.0,2013
5,57900.0,1169.0,2013
21,79000.0,1269.0,2013
22,92100.0,1024.0,2013
11,131200.0,1900.0,2013
12,126000.0,1225.0,2013
25,589500.0,3650.0,2013
26,294100.0,1754.0,2013
22,165300.0,1704.0,2013
9,148700.0,1872.0,2013
3,85900.0,1370.45996,2013
7,140200.0,1603.0,2013
23,322200.0,2520.0,2013
31,162200.0,1866.0,2013
7,129400.0,1200.0,2013
35,108800.0,1860.0,2013
14,181600.0,2125.3501,2013
12,89200.0,964.0,2013
35,289200.0,2785.0,2013
8,100300.0,1075.0,2013
4,245800.0,1855.0,2013
19,263300.0,2414.0,2013
8,131500.0,1417.5,2013
30,98600.0,1350.0,2013
11,146700.0,1374.0,2013
29,89800.0,1216.0,2013
14,118000.0,1396.5,2013
4,252800.0,2536.0,2013
35,229400.0,2542.5,2013
1,118400.0,1196.0,2013
19,102800.0,750.0,2013
30,114000.0,1172.0,2013
35,315100.0,2626.72998,2013
9,88600.0,1122.0,2013
2,45600.0,682.0,2013
18,214700.0,1032.0,2013
21,42000.0,756.0,2013
27,119600.0,1512.0,2013
2,118200.0,2120.0,2013
30,115600.0,2067.0,2013
32,79100.0,1109.0,2013
19,519600.0,1250.0,2013
23,69300.0,715.0,2013
33,119700.0,1476.0,2013
24,279400.0,1366.0,2013
1,151300.0,2600.0,2013
30,111200.0,1669.5,2013
19,171100.0,1449.76001,2013
13,216900.0,3247.57495,2013
4,209100.0,2453.0,2013
35,264000.0,3077.0,2013
1,288500.0,2773.0,2013
35,273700.0,3722.32007,2013
26,146300.0,1200.0,2013
33,212000.0,1800.0,2013
22,133000.0,1000.0,2013
12,254200.0,2749.0,2013
2,55300.0,1176.0,2013
23,1618200.0,8574.97949,2013
8,115800.0,1109.0,2013
26,161800.0,1300.0,2013
11,95500.0,1590.0,2013
14,191900.0,1984.0,2013
23,245600.0,2088.0,2013
34,925400.0,5627.0,2013
11,240500.0,3112.0,2013
1,90500.0,1250.0,2013
17,105000.0,1232.0,2013
32,158900.0,2514.0,2013
32,130800.0,1666.0,2013
15,143800.0,1362.0,2013
11,168300.0,2037.8125,2013
18,137600.0,704.0,2013
29,65000.0,1168.0,2013
2,113000.0,1979.0,2013
14,147400.0,2564.63989,2013
25,543500.0,3247.0,2013
33,99600.0,1216.0,2013
12,281200.0,2860.0,2013
27,109400.0,1176.69995,2013
21,79600.0,1059.0,2013
15,72500.0,814.0,2013
6,135900.0,952.0,2013
19,113400.0,996.0,2013
6,139200.0,975.0,2013
32,188900.0,2336.0,2013
2,110000.0,1552.0,2013
1,260200.0,2354.0,2013
17,378000.0,3625.5,2013
27,120100.0,1346.0,2013
15,204600.0,1466.0,2013
25,512100.0,3532.0,2013
4,294200.0,2409.0,2013
5,165100.0,1668.0,2013
31,121400.0,1224.0,2013
34,427600.0,2433.0,2013
14,119600.0,1137.0,2013
7,121800.0,1163.0,2013
35,215200.0,2248.0,2013
33,140400.0,1841.0,2013
24,717200.0,3519.0,2013
21,54600.0,816.0,2013
10,90000.0,1056.0,2013
23,230700.0,1980.0,2013
27,178000.0,1638.0,2013
22,202600.0,2479.0,2013
24,177000.0,1235.0,2013
35,250500.0,2671.0,2013
27,170900.0,1400.0,2013
15,143400.0,1378.0,2013
26,56800.0,775.0,2013
33,121400.0,1284.0,2013
24,137000.0,896.0,2013
28,104200.0,2000.0,2013
19,107000.0,855.0,2013
25,141500.0,976.0,2013
15,135200.0,2100.0,2013
33,99200.0,1322.0,2013
1,115200.0,2025.0,2013
22,135900.0,1585.0,2013
27,153700.0,1312.0,2013
33,170100.0,1912.0,2013
1,177800.0,2392.0,2013
26,144100.0,850.0,2013
35,112300.0,828.0,2013
6,182100.0,1427.0,2013
19,169500.0,620.0,2013
28,133300.0,1615.0,2013
21,188500.0,1030.0,2013
20,139200.0,1699.0,2013
3,119900.0,1008.0,2013
7,166100.0,1028.0,2013
7,121500.0,969.0,2013
32,103700.0,1603.5,2013
31,186700.0,2007.0,2013
21,99600.0,1199.0,2017
29,75600.0,1278.0,2017
6,416300.0,1984.5,2017
1,191300.0,1767.0,2017
17,39600.0,0.0,2017
34,420600.0,1675.0,2017
28,197900.0,2281.0,2017
17,319200.0,1025.0,2017
1,423600.0,3405.0,2017
7,164600.0,2084.0,2017
4,352300.0,2533.0,2017
6,422500.0,1952.0,2017
14,147400.0,1822.5,2017
4,402100.0,3170.0,2017
21,171300.0,1930.0,2017
19,282300.0,802.0,2017
7,184500.0,1189.0,2017
17,308600.0,2236.0,2017
3,161000.0,1776.0,2017
11,248400.0,1680.0,2017
33,179100.0,1669.0,2017
35,269200.0,2074.0,2017
22,189000.0,1276.0,2017
9,200300.0,2308.0,2017
24,656600.0,4067.0,2017
25,310900.0,1672.0,2017
4,223500.0,1446.0,2017
5,170600.0,1008.0,2017
3,141900.0,1312.0,2017
11,192000.0,2072.25,2017
9,119300.0,1101.0,2017
20,462200.0,2614.0,2017
24,322200.0,1364.0,2017
32,234000.0,2464.0,2017
9,130100.0,1093.0,2017
20,219000.0,1224.5999800000002,2017
7,283600.0,1756.0,2017
1,207000.0,2650.0,2017
15,133800.0,820.0,2017
3,231500.0,1949.0,2017
6,227000.0,1161.0,2017
23,371700.0,1631.0,2017
17,217200.0,864.0,2017
5,246400.0,1292.0,2017
17,359300.0,1404.0,2017
5,253700.0,1620.0,2017
13,120200.0,1020.0,2017
8,230000.0,2800.0,2017
35,274400.0,1986.0,2017
21,127400.0,1085.0,2017
25,398800.0,1825.2800300000001,2017
30,154500.0,1175.0,2017
18,408800.0,1337.69995,2017
22,222800.0,1365.0,2017
18,674700.0,2221.5,2017
4,411900.0,3299.0,2017
25,314700.0,1382.0,2017
12,299100.0,1899.0,2017
3,162000.0,1362.0,2017
22,223500.0,1968.0,2017
16,169700.0,1452.25,2017
12,334000.0,2700.25,2017
3,129500.0,1144.0,2017
12,278600.0,2358.0,2017
24,453700.0,1987.8099399999999,2017
21,90200.0,768.0,2017
32,131100.0,1208.0,2017
13,101700.0,1200.0,2017
5,82300.0,800.0,2017
31,372900.0,2943.0,2017
12,134900.0,1222.0,2017
8,299600.0,3401.0,2017
22,489600.0,2225.0,2017
3,295500.0,1459.0,2017
27,207800.0,1650.0,2017
32,147900.0,1166.0,2017
10,175000.0,1800.0,2017
22,111000.0,946.0,2017
19,475300.0,1144.0,2017
2,87500.0,1296.0,2017
30,155000.0,1324.0,2017
2,133800.0,1954.0,2017
24,826500.0,3486.5,2017
31,213900.0,1404.0,2017
23,893000.0,2979.25,2017
31,153600.0,1348.0,2017
34,523800.0,2676.33008,2017
26,268000.0,1512.0,2017
7,185400.0,794.0,2017
23,430100.0,2522.0,2017
28,125000.0,1708.0,2017
19,599300.0,1465.0,2017
24,247500.0,1378.0,2017
10,136300.0,1212.0,2017
27,64000.0,832.0,2017
10,233400.0,1951.0,2017
34,481200.0,2161.0,2017
8,231800.0,1906.0,2017
6,468200.0,2024.25,2017
27,168300.0,988.0,2017
32,170900.0,1527.0,2017
6,770000.0,4581.0,2017
33,176800.0,1680.0,2017
31,181900.0,1224.0,2017
33,234800.0,2691.0,2017
29,162900.0,2001.0,2017
25,465100.0,1571.0,2017
19,239800.0,740.0,2017
27,188700.0,1601.0,2017
13,199900.0,1565.0,2017
31,142600.0,988.0,2017
13,260800.0,2327.0,2017
13,117100.0,1210.0,2017
11,176200.0,1491.0,2017
9,40100.0,680.0,2017
21,118200.0,1424.0,2017
1,305600.0,2600.0,2017
28,84700.0,1024.0,2017
34,2340200.0,8959.01465,2017
24,248300.0,945.0,2017
31,182700.0,1533.0,2017
16,131200.0,768.0,2017
25,400300.0,2094.0,2017
12,183100.0,1980.0,2017
7,374300.0,2079.25,2017
33,95000.0,1166.0,2017
14,234300.0,1952.0,2017
19,301200.0,910.0,2017
23,395600.0,2598.0,2017
20,272400.0,1008.0,2017
34,396900.0,3060.0,2017
26,402700.0,2924.3999,2017
1,88000.0,1156.0,2017
27,203500.0,2250.0,2017
31,263300.0,2715.0,2017
28,169400.0,1688.0,2017
5,309900.0,1944.0,2017
31,306000.0,3367.0,2017
25,139000.0,600.0,2017
12,188000.0,1593.0,2017
8,248200.0,1264.0,2017
11,170800.0,1681.0,2017
19,264800.0,675.0,2017
8,303800.0,1692.0,2017
6,414800.0,2355.0,2017
21,145100.0,615.0,2017
8,102900.0,1254.0,2017
19,262900.0,996.0,2017
31,280700.0,2128.0,2017
8,111600.0,832.0,2017
19,569800.0,2327.21997,2017
16,95800.0,1043.0,2017
25,430300.0,2284.0,2017
22,247400.0,1682.0,2017
27,223800.0,1597.0,2017
28,137500.0,1300.0,2017
16,103700.0,768.0,2017
2,175100.0,1200.0,2017
9,116300.0,918.0,2017
33,152300.0,1515.25,2017
33,188300.0,1320.0,2017
22,178900.0,1378.0,2017
16,265900.0,2400.0,2017
15,221400.0,2058.8400899999997,2017
33,210200.0,2050.0,2017
21,126400.0,884.0,2017
2,231000.0,1230.0,2017
7,309000.0,1573.0,2017
4,437600.0,3096.0,2017
11,221200.0,1967.25,2017
17,641900.0,3040.0,2017
24,609400.0,2600.0,2017
35,164600.0,960.0,2017
3,157800.0,2132.0,2017
1,249900.0,2141.76001,2017
10,97000.0,1127.0,2017
34,800400.0,5474.0,2017
33,193700.0,2066.0,2017
6,253100.0,1195.0,2017
27,126900.0,1122.0,2017
30,172500.0,1825.0,2017
33,133400.0,1215.0,2017
16,105300.0,744.0,2017
33,143100.0,1807.0,2017
6,326800.0,1431.0,2017
8,127100.0,1472.0,2017
33,45000.0,2394.0,2017
31,151900.0,1233.0,2017
1,271600.0,3064.13989,2017
4,366200.0,2167.0,2017
28,139000.0,1340.0,2017
17,133100.0,944.0,2017
10,147700.0,1194.0,2017
31,155800.0,1394.0,2017
9,149400.0,1200.0,2017
16,216800.0,2580.0,2017
12,168500.0,1356.0,2017
35,386900.0,1761.0,2017
11,60700.0,912.0,2017
26,354700.0,2040.5,2017
8,192400.0,1886.0,2017
6,586900.0,3158.0,2017
7,276000.0,1812.0,2017
15,349700.0,2812.4399399999998,2017
14,214100.0,1784.0,2017
21,139700.0,1387.0,2017
25,235200.0,1048.0,2017
25,521000.0,3031.76001,2017
12,221800.0,2268.0,2017
33,158400.0,1417.0,2017
35,335000.0,2958.0,2017
25,557500.0,2852.0,2017
23,571700.0,2308.0,2017
5,104100.0,1230.0,2017
27,161200.0,1416.0,2017
1,250500.0,2288.0,2017
21,216700.0,504.0,2017
26,259100.0,1874.0,2017
10,178500.0,1678.0,2017
23,297200.0,1707.0,2017
27,198300.0,1964.0,2017
12,294800.0,2896.0,2017
22,141000.0,1163.0,2017
14,118300.0,1116.0,2017
28,126200.0,1722.0,2017
30,157400.0,1716.0,2017
25,327100.0,1732.0,2017
13,92000.0,1344.0,2017
32,230200.0,2450.0,2017
30,134500.0,1409.0,2017
2,108300.0,1679.0,2017
24,767800.0,2839.5,2017
5,234600.0,1232.0,2017
12,241400.0,2092.0,2017
19,126900.0,550.0,2017
23,1096600.0,3339.0,2017
2,123100.0,954.0,2017
12,189300.0,1470.0,2017
5,159700.0,858.0,2017
20,192000.0,1314.0,2017
12,159800.0,1392.76501,2017
30,163100.0,1673.0,2017
33,162300.0,1321.0,2017
23,328500.0,2190.0,2017
26,305700.0,1562.0,2017
16,152800.0,1528.4000199999998,2017
11,155200.0,1225.0,2017
2,126100.0,1200.0,2017
26,320400.0,1708.0,2017
27,140100.0,1600.0,2017
20,393900.0,2180.0,2017
24,492100.0,2315.0,2017
27,141400.0,1774.0,2017
29,146900.0,1386.0,2017
34,248600.0,1373.0,2017
23,1704600.0,5411.0,2017
3,101700.0,1175.0,2017
28,159900.0,1529.0,2017
34,448600.0,2376.5,2017
29,194000.0,2466.0,2017
35,388000.0,2575.5,2017
32,189200.0,1971.0,2017
19,495500.0,1108.0,2017
1,80500.0,975.0,2017
35,220900.0,1464.0,2017
29,137200.0,1660.0,2017
23,255800.0,1952.0,2017
33,134200.0,1061.0,2017
6,243300.0,1014.0,2017
4,343900.0,2116.0,2017
20,63100.0,703.0,2017
22,223500.0,1968.0,2017
1,194800.0,2357.0,2017
8,31100.0,840.0,2017
7,205800.0,1506.0,2017
22,212900.0,1345.0,2017
12,270800.0,2585.0,2017
21,103100.0,1273.0,2017
14,136700.0,1147.0,2017
1,145500.0,1400.0,2017
21,223500.0,1470.0,2017
11,188200.0,1805.5,2017
22,50000.0,1730.0,2017
28,141200.0,1425.0,2017
1,151100.0,1721.0,2017
33,177900.0,1753.0,2017
26,417100.0,2868.47998,2017
2,118600.0,2106.0,2017
32,130300.0,1224.0,2017
12,125600.0,1335.0,2017
15,220700.0,1568.0,2017
15,329500.0,1928.0,2017
4,380800.0,2544.0,2017
5,119300.0,1019.0,2017
24,202800.0,896.0,2017
4,38000.0,1135.0,2017
3,120400.0,1632.0,2017
35,249100.0,2020.0,2017
4,176500.0,1236.0,2017
4,288700.0,2224.0,2017
29,130700.0,1574.0,2017
4,221500.0,1394.0,2017
25,646500.0,2683.0,2017
35,278100.0,1934.0,2017
19,438200.0,942.0,2017
10,103400.0,1296.0,2017
7,248500.0,1364.0,2017
26,150000.0,1169.0,2017
13,201300.0,2214.0,2017
14,145900.0,1892.0,2017
29,84200.0,1040.0,2017
3,187400.0,1857.75,2017
15,133100.0,835.0,2017
13,159300.0,1380.0,2017
11,200700.0,1646.0,2017
27,250300.0,1831.0,2017
27,182900.0,2070.0,2017
2,71000.0,1100.0,2017
27,225700.0,1576.0,2017
9,120900.0,1404.0,2017
33,157700.0,1439.0,2017
30,173700.0,2103.5,2017
22,195600.0,1585.0,2017
9,145400.0,1121.0,2017
33,187500.0,1812.0,2017
2,94600.0,1201.0,2017
14,217800.0,1501.0,2017
25,649300.0,3018.0,2017
20,202100.0,800.0,2017
13,44500.0,777.0,2017
14,131700.0,1088.0,2017
3,159900.0,1776.0,2017
7,307900.0,2248.0,2017
1,255700.0,2672.0,2017
34,612000.0,2517.0,2017
1,207700.0,2600.0,2017
27,227200.0,1771.0,2017
21,75600.0,1214.0,2017
2,139300.0,1292.0,2017
23,446300.0,2738.0,2017
10,172900.0,2346.08008,2017
12,174600.0,1300.0,2017
9,201600.0,1420.0,2017
9,152100.0,1224.0,2017
23,449200.0,2308.0,2017
1,178200.0,1504.0,2017
23,232900.0,1734.0,2017
32,123000.0,1384.0,2017
11,166800.0,1054.0,2017
22,217000.0,1816.0,2017
5,323100.0,1728.0,2017
9,60800.0,743.0,2017
17,164600.0,2684.0,2017
27,205100.0,1564.0,2017
24,641700.0,3638.71997,2017
35,350000.0,2825.0,2017
7,128800.0,1312.0,2017
20,229000.0,1550.0,2017
14,131500.0,1227.0,2017
24,320400.0,1385.0,2017
5,167600.0,808.0,2017
5,326800.0,1808.0,2017
5,104200.0,1110.0,2017
9,233700.0,2091.0,2017
27,221000.0,1956.0,2017
11,52700.0,814.0,2017
25,225100.0,1164.0,2017
33,152900.0,1411.0,2017
6,428700.0,2256.6001,2017
9,188900.0,1780.0,2017
6,208700.0,791.0,2017
10,139200.0,1449.0,2017
34,1229800.0,6473.0,2017
29,208900.0,2604.0,2017
23,930300.0,5523.0,2017
2,116000.0,1610.0,2017
4,293200.0,2354.0,2017
19,112100.0,594.0,2017
8,91900.0,1052.0,2017
2,175300.0,1481.0,2017
33,144600.0,1340.0,2017
20,211400.0,0.0,2017
33,201900.0,2204.0,2017
4,201900.0,1195.0,2017
8,164300.0,1050.0,2017
1,74700.0,842.0,2017
28,198800.0,2284.0,2017
6,225200.0,792.0,2017
16,122800.0,1184.0,2017
14,129400.0,1116.0,2017
20,154900.0,942.0,2017
19,405800.0,882.0,2017
9,157300.0,1384.0,2017
30,213700.0,1958.0,2017
1,93400.0,1350.0,2017
19,392000.0,882.0,2017
1,118200.0,1248.0,2017
21,84100.0,976.0,2017
30,155600.0,1100.0,2017
27,214400.0,1200.0,2017
26,484300.0,2048.0,2017
1,118200.0,1795.5,2017
15,182500.0,1512.0,2017
16,178000.0,1344.0,2017
8,154400.0,1424.75,2017
27,297100.0,3267.0,2017
12,175900.0,1400.0,2017
15,232800.0,1800.0,2017
13,80700.0,1160.0,2017
30,110300.0,1080.0,2017
29,151500.0,1624.0,2017
30,49700.0,972.0,2017
20,248200.0,1831.19995,2017
13,97800.0,917.0,2017
17,153400.0,675.0,2017
10,186600.0,1522.0,2017
8,595200.0,3118.0,2017
26,131400.0,1288.0,2017
27,266000.0,1706.0,2017
23,412000.0,2423.0,2017
28,136700.0,1000.0,2017
34,1173800.0,5921.91992,2017
29,89000.0,1240.0,2017
26,321300.0,1863.0,2017
25,675800.0,3546.0,2017
31,241300.0,1960.0,2017
20,406200.0,2127.1001,2017
18,438500.0,2099.12988,2017
35,99600.0,1092.0,2017
21,194700.0,1846.0,2017
11,356000.0,2805.19995,2017
4,303700.0,3106.0,2017
17,142600.0,800.0,2017
12,177900.0,1368.0,2017
8,218200.0,2192.0,2017
25,508800.0,2174.51245,2017
6,256100.0,1191.0,2017
20,131700.0,912.0,2017
26,315500.0,1721.0,2017
20,100600.0,1154.0,2017
35,247900.0,1456.0,2017
34,1321200.0,6057.5,2017
5,116900.0,1077.0,2017
19,271200.0,1176.88,2017
19,619400.0,1080.0,2017
11,373400.0,3321.0,2017
17,67200.0,2016.0,2017
21,171200.0,1472.0,2017
8,247000.0,1881.0,2017
26,329600.0,2450.0,2017
17,777500.0,2922.0,2017
3,97400.0,1050.0,2017
20,122800.0,768.0,2017
15,234400.0,2431.3999,2017
15,200200.0,1463.0,2017
4,265800.0,2062.5,2017
34,1344700.0,8107.5,2017
19,474300.0,1014.0,2017
6,183800.0,704.0,2017
20,62000.0,2016.0,2017
24,260000.0,891.0,2017
6,190700.0,775.0,2017
13,124700.0,1276.0,2017
22,163400.0,1234.0,2017
31,158600.0,1370.0,2017
23,529600.0,1787.0,2017
9,195800.0,1589.0,2017
2,229400.0,2140.0,2017
27,143400.0,1000.0,2017
17,471800.0,2298.5,2017
5,92000.0,1102.0,2017
28,171900.0,1520.0,2017
15,266500.0,1286.0,2017
33,148900.0,1224.0,2017
18,466300.0,1324.0,2017
32,187400.0,1750.0,2017
1,109000.0,957.0,2017
4,459200.0,3584.0,2017
11,147700.0,1104.0,2017
6,280800.0,1498.77002,2017
23,392000.0,2184.0,2017
29,188500.0,2116.5,2017
33,167100.0,1353.0,2017
32,164500.0,1274.0,2017
8,243100.0,3065.1001,2017
2,128500.0,1382.0,2017
21,109000.0,1012.0,2017
3,164900.0,2317.0,2017
9,41900.0,1050.0,2017
9,141900.0,1146.0,2017
7,185000.0,1038.0,2017
27,240200.0,1625.0,2017
25,314000.0,2295.0,2017
33,146000.0,1327.0,2017
35,309400.0,3258.4724100000003,2017
35,319000.0,2550.0,2017
27,136200.0,1176.69995,2017
34,596000.0,2942.0,2017
2,70800.0,1276.0,2017
8,148800.0,980.0,2017
35,163200.0,1364.0,2017
18,528000.0,2059.5,2017
1,202700.0,1527.0,2017
33,930300.0,5994.0,2017
27,225700.0,1576.0,2017
11,163800.0,2292.0,2017
31,224800.0,2652.0,2017
8,170800.0,846.0,2017
24,531300.0,1890.0,2017
11,130500.0,1635.0,2017
23,927400.0,5253.5,2017
5,312500.0,1508.0,2017
20,338300.0,2091.0,2017
6,541900.0,2493.0,2017
26,279800.0,1677.0,2017
7,282200.0,1408.0,2017
35,298500.0,2505.0,2017
22,225600.0,1764.0,2017
17,523900.0,1944.5,2017
7,127400.0,1447.0,2017
26,405300.0,2583.0,2017
18,369400.0,1120.0,2017
7,212200.0,1056.0,2017
18,224800.0,1682.0,2017
5,194600.0,1378.0,2017
14,129100.0,1112.0,2017
21,60900.0,1188.0,2017
10,184000.0,1913.0,2017
23,151400.0,1354.0,2017
8,150900.0,1044.0,2017
30,109000.0,1026.0,2017
12,66600.0,862.0,2017
21,99900.0,912.0,2017
11,84400.0,768.0,2017
7,76800.0,572.0,2017
6,312600.0,1600.0,2017
2,135900.0,975.0,2017
26,150600.0,1375.0,2017
28,148600.0,1150.0,2017
33,185700.0,1925.0,2017
7,293800.0,2110.5,2017
29,172700.0,2300.0,2017
1,333900.0,2240.0,2017
14,332800.0,2638.0,2017
25,359300.0,1640.0,2017
22,188300.0,1403.0,2017
1,85700.0,816.0,2017
31,297500.0,2729.4399399999998,2017
23,375900.0,2395.8200699999998,2017
34,603300.0,2906.0,2017
18,128600.0,552.0,2017
9,157200.0,1467.0,2017
22,156500.0,1152.0,2017
25,602100.0,2986.0,2017
28,110000.0,950.0,2017
21,128000.0,1201.0,2017
9,185200.0,1400.0,2017
1,132400.0,1775.0,2017
9,160600.0,1631.0,2017
23,396400.0,2092.0,2017
20,165200.0,924.0,2017
4,159600.0,992.0,2017
15,150300.0,1170.0,2017
4,321600.0,2041.3225100000002,2017
15,283200.0,2089.0,2017
35,211700.0,1790.0,2017
32,273100.0,2532.0,2017
24,349700.0,2095.0,2017
15,205800.0,1776.0,2017
28,208600.0,2323.0,2017
31,230600.0,1841.0,2017
35,463200.0,3888.5,2017
28,191600.0,1733.0,2017
12,271200.0,3567.0,2017
26,181600.0,1755.0,2017
22,457400.0,3931.75,2017
33,194900.0,1845.0,2017
2,98900.0,1072.0,2017
28,133900.0,1120.0,2017
22,242600.0,1694.0,2017
25,260100.0,1343.0,2017
15,200900.0,1528.0,2017
24,234700.0,1452.0,2017
22,336700.0,2672.0,2017
5,179800.0,950.0,2017
9,287900.0,2698.0,2017
24,302400.0,1100.0,2017
20,133500.0,963.0,2017
35,273700.0,2162.0,2017
8,109000.0,892.0,2017
14,277500.0,2802.6001,2017
10,246000.0,2301.0,2017
21,122000.0,1479.0,2017
33,173200.0,1611.0,2017
23,817900.0,2999.5,2017
19,337400.0,1013.0,2017
33,93200.0,1154.0,2017
23,266700.0,1700.0,2017
19,214800.0,1110.0,2017
8,220600.0,2178.0,2017
24,463300.0,1592.0,2017
27,136100.0,1176.69995,2017
25,1048700.0,5573.6001,2017
29,141900.0,1319.0,2017
4,347200.0,3214.0,2017
7,234500.0,1336.0,2017
27,204700.0,1261.0,2017
32,120400.0,1248.0,2017
14,173800.0,1771.0,2017
14,107200.0,950.0,2017
1,138200.0,1726.0,2017
33,162900.0,1332.0,2017
5,213900.0,1380.0,2017
32,206600.0,1922.5999800000002,2017
22,228200.0,1984.0,2017
20,217700.0,1450.0,2017
9,220400.0,2088.0,2017
31,383800.0,2696.0,2017
4,250600.0,2222.0,2017
10,149800.0,1464.0,2017
19,99800.0,594.0,2017
29,185300.0,1921.0,2017
5,203500.0,1102.0,2017
3,337600.0,2946.0,2017
27,113600.0,912.0,2017
15,181900.0,1314.0,2017
34,827100.0,3902.20996,2017
25,998100.0,3725.5,2017
4,352200.0,2412.0,2017
27,241000.0,2178.0,2017
1,123300.0,1025.0,2017
9,188700.0,1236.0,2017
9,153600.0,1152.0,2017
31,147100.0,1224.0,2017
22,216500.0,1368.0,2017
25,588100.0,1862.0,2017
2,68000.0,1344.0,2017
6,579900.0,2278.0,2017
24,447000.0,1641.25,2017
4,204000.0,1334.0,2017
13,113800.0,1128.0,2017
27,272100.0,1850.0,2017
21,145300.0,1233.0,2017
8,241700.0,1733.0,2017
4,235800.0,2605.52002,2017
7,280300.0,1783.0,2017
22,234900.0,1857.0,2017
26,168400.0,1400.0,2017
22,139700.0,1096.0,2017
2,160400.0,1312.5,2017
35,375000.0,2914.0,2017
27,91500.0,1026.0,2017
22,146700.0,1350.0,2017
33,179900.0,1654.0,2017
14,179400.0,1632.0,2017
1,231400.0,1673.0,2017
3,107200.0,1462.5,2017
28,149300.0,1650.0,2017
26,524400.0,3602.0,2017
14,221800.0,1691.0,2017
18,600300.0,2611.6001,2017
11,151800.0,1378.0,2017
32,258500.0,2860.0,2017
12,239900.0,2407.0,2017
22,308700.0,1661.0,2017
10,144400.0,1175.0,2017
24,239700.0,1124.0,2017
12,177900.0,1335.0,2017
12,218700.0,1970.0,2017
12,152800.0,1222.0,2017
13,156000.0,1222.0,2017
11,169400.0,1325.0,2017
25,762200.0,3688.75,2017
32,251700.0,3100.0,2017
28,123300.0,1546.0,2017
7,335800.0,2104.0,2017
27,288700.0,2241.0,2017
10,240600.0,1926.0,2017
33,145300.0,1569.0,2017
35,256200.0,2183.1499,2017
23,1861400.0,5702.0,2017
33,122200.0,1440.0,2017
12,165800.0,1318.0,2017
21,99000.0,1169.0,2017
11,193500.0,1772.0,2017
2,136600.0,864.0,2017
33,186300.0,1750.0,2017
21,472300.0,2005.0,2017
24,233400.0,1142.0,2017
15,199100.0,1464.0,2017
13,171600.0,1683.0,2017
16,160400.0,1408.0,2017
3,153900.0,1085.0,2017
12,271600.0,2367.0,2017
25,355200.0,1725.75,2017
27,237200.0,2000.0,2017
21,93800.0,1211.0,2017
2,151600.0,1510.0,2017
8,217600.0,2776.0,2017
28,159800.0,1530.5,2017
12,191200.0,1932.0,2017
15,161900.0,1200.0,2017
17,295500.0,1200.0,2017
17,418000.0,1705.0,2017
18,168900.0,756.0,2017
35,427100.0,3473.5,2017
31,259700.0,2354.0,2017
19,317600.0,720.0,2017
16,240400.0,2642.0,2017
29,190600.0,2047.0,2017
11,150200.0,1460.0,2017
22,109600.0,912.0,2017
33,136000.0,1450.0,2017
11,189400.0,1772.0,2017
19,339900.0,987.0,2017
2,132500.0,1116.0,2017
34,571900.0,2426.0,2017
10,161700.0,1518.75,2017
34,690200.0,4368.95996,2017
15,115800.0,814.0,2017
30,167500.0,1575.0,2017
7,283300.0,1781.67993,2017
18,492700.0,1400.0,2017
28,233300.0,2338.0,2017
31,313100.0,2322.5,2017
14,143200.0,1800.0,2017
13,118800.0,960.0,2017
26,420800.0,2233.0,2017
1,114200.0,1556.0,2017
35,326600.0,2222.0,2017
25,687000.0,2995.0,2017
27,246700.0,1755.0,2017
30,172900.0,1701.0,2017
3,165700.0,1425.0,2017
3,230800.0,2959.08008,2017
24,243600.0,1120.0,2017
13,99500.0,1107.0,2017
7,155500.0,1326.5,2017
10,88800.0,1078.0,2017
28,174400.0,1844.75,2017
29,159400.0,1641.0,2017
30,130500.0,1600.0,2017
6,420600.0,2227.0,2017
33,194200.0,1899.0,2017
33,132900.0,1201.0,2017
16,149200.0,975.0,2017
8,66300.0,910.0,2017
33,147900.0,1596.0,2017
25,482500.0,2214.0,2017
35,238200.0,1758.0,2017
28,115400.0,1278.0,2017
16,257800.0,1849.5,2017
35,249600.0,1388.0,2017
6,474300.0,1671.0,2017
21,143800.0,900.0,2017
3,158600.0,1424.0,2017
7,65000.0,1766.0,2017
10,219000.0,2351.0,2017
34,1382600.0,5167.5,2017
3,137900.0,1246.0,2017
18,251200.0,1134.0,2017
23,533400.0,3584.0,2017
15,184000.0,1692.9000199999998,2017
28,152400.0,1356.0,2017
25,1273500.0,5584.819820000001,2017
33,180100.0,1688.0,2017
20,119700.0,768.0,2017
13,176300.0,1270.5,2017
9,200300.0,1553.0,2017
30,93400.0,1092.0,2017
1,247900.0,2421.91992,2017
20,237400.0,2262.0,2017
10,174300.0,1333.0,2017
6,206000.0,960.0,2017
11,97700.0,552.0,2017
31,286400.0,2218.0,2017
15,320400.0,3834.01001,2017
24,1057600.0,4200.180179999999,2017
28,159400.0,1469.0,2017
33,146200.0,1480.0,2017
4,792000.0,3654.0,2017
8,177600.0,1072.0,2017
4,268600.0,1660.0,2017
1,137300.0,1114.0,2017
25,609800.0,3576.0,2017
6,327500.0,2741.19995,2017
27,111600.0,1120.0,2017
14,173100.0,1193.0,2017
16,216600.0,2224.0,2017
31,278300.0,2458.0,2017
31,198000.0,1280.0,2017
2,177100.0,1566.0,2017
12,162300.0,1356.0,2017
16,140700.0,965.0,2017
7,352100.0,2304.0,2017
28,56400.0,0.0,2017
21,190300.0,2583.0,2017
5,216600.0,1313.0,2017
5,155300.0,1048.0,2017
9,112100.0,896.0,2017
25,1032600.0,4702.0,2017
10,279600.0,2694.1001,2017
7,184100.0,832.0,2017
9,128600.0,1053.0,2017
15,201900.0,1464.0,2017
35,594300.0,4445.5,2017
12,141800.0,1711.0,2017
12,217900.0,1850.0,2017
18,772600.0,2685.0,2017
23,534500.0,1887.0,2017
7,300500.0,2322.0,2017
22,330700.0,3408.0,2017
15,341600.0,1669.0,2017
20,216600.0,1322.0,2017
20,196900.0,1052.0,2017
28,146900.0,1177.0,2017
21,86400.0,704.0,2017
29,171300.0,1975.0,2017
25,891100.0,4852.0,2017
31,297000.0,2680.0,2017
17,432000.0,1152.0,2017
35,372400.0,3119.0,2017
24,789700.0,3452.5,2017
12,99400.0,1292.0,2017
15,269500.0,1930.0,2017
21,93500.0,1008.0,2017
23,237500.0,1782.0,2017
8,168700.0,1634.0,2017
22,199900.0,1782.0,2017
26,168600.0,1175.0,2017
26,275600.0,2067.0,2017
10,204500.0,2627.0,2017
28,176100.0,1568.0,2017
8,329500.0,3540.0,2017
13,134900.0,1609.75,2017
26,27600.0,1152.0,2017
15,125000.0,808.0,2017
31,298200.0,1938.2800300000001,2017
24,395300.0,2419.0,2017
3,150200.0,1544.0,2017
33,103700.0,1116.0,2017
2,230600.0,1344.0,2017
24,677200.0,2526.0,2017
16,215000.0,1865.0,2017
2,128700.0,1142.0,2017
29,154900.0,1312.0,2017
22,274900.0,2112.0,2017
8,148000.0,1391.0,2017
2,110900.0,826.0,2017
6,332400.0,1706.0,2017
35,395900.0,1725.0,2017
31,372400.0,3574.0,2017
6,305500.0,1896.0,2017
24,732100.0,3425.0,2017
22,277100.0,2411.0,2017
34,436700.0,2490.0,2017
13,159100.0,1196.0,2017
15,170600.0,1408.0,2017
33,211600.0,2116.0,2017
11,131300.0,1252.0,2017
14,155800.0,1600.0,2017
3,86400.0,1274.0,2017
12,113200.0,934.0,2017
18,229800.0,810.0,2017
21,31300.0,0.0,2017
31,245200.0,2195.0,2017
25,547200.0,2656.0,2017
1,179800.0,1512.0,2017
31,210100.0,1406.0,2017
21,123200.0,1074.0,2017
17,119100.0,418.0,2017
19,351900.0,1283.0,2017
5,225400.0,1482.0,2017
32,200500.0,1794.0,2017
19,520200.0,1323.0,2017
23,445200.0,1979.0,2017
17,609500.0,2690.20996,2017
11,207400.0,1506.0,2017
18,626100.0,2045.30005,2017
16,278700.0,3187.0,2017
29,86000.0,1045.0,2017
31,134800.0,1204.0,2017
23,391500.0,2535.0,2017
9,160300.0,1431.0,2017
16,152200.0,1425.0,2017
35,231900.0,1738.0,2017
22,200300.0,1902.0,2017
16,192900.0,1233.0,2017
32,187200.0,1680.0,2017
31,305300.0,3159.0,2017
28,195400.0,1851.0,2017
4,331700.0,2141.0,2017
26,413700.0,1795.0,2017
3,165900.0,1405.0,2017
10,166700.0,1237.0,2017
19,227200.0,584.0,2017
34,1523500.0,5482.0,2017
32,252700.0,3548.8501,2017
3,203900.0,2127.6799300000002,2017
26,60000.0,912.0,2017
11,968600.0,4508.0,2017
8,231100.0,1075.0,2017
1,292000.0,2484.3999,2017
29,180500.0,2268.0,2017
22,45000.0,1152.0,2017
1,117100.0,1000.0,2017
33,179900.0,1611.0,2017
4,413400.0,3232.0,2017
21,114700.0,883.0,2017
2,129500.0,1753.0,2017
29,158300.0,1658.0,2017
16,229500.0,2502.0,2017
34,496500.0,3546.0,2017
5,183800.0,1303.0,2017
11,196800.0,1642.0,2017
33,154700.0,1515.25,2017
31,283500.0,2790.0,2017
31,272500.0,2287.0,2017
34,2729000.0,10161.7998,2017
24,344200.0,1480.0,2017
32,148900.0,1368.0,2017
15,205900.0,1776.0,2017
23,477100.0,2362.0,2017
3,243900.0,3022.04004,2017
14,168400.0,1564.0,2017
19,242300.0,690.0,2017
5,113600.0,1152.0,2017
33,447300.0,2333.0,2017
14,142600.0,1150.0,2017
9,157200.0,1384.0,2017
26,443700.0,2250.0,2017
15,88600.0,928.0,2017
6,482500.0,3001.6001,2017
33,126600.0,1564.0,2017
4,305400.0,3227.6799300000002,2017
17,153400.0,675.0,2017
12,149900.0,1258.0,2017
27,237100.0,1881.25,2017
5,346300.0,2250.0,2017
9,111100.0,1050.0,2017
29,102400.0,1472.0,2017
35,496600.0,3515.0,2017
13,101200.0,1122.0,2017
19,235800.0,696.0,2017
34,784000.0,3302.7749,2017
23,382500.0,2607.0,2017
9,257200.0,2168.0,2017
23,615300.0,2779.0,2017
16,255800.0,2035.1899399999998,2017
31,151600.0,1320.0,2017
18,664700.0,2156.1001,2017
21,80800.0,1427.0,2017
29,74500.0,1030.0,2017
14,97400.0,1156.0,2017
25,2365400.0,8020.25,2017
8,144900.0,1089.0,2017
1,110200.0,1128.0,2017
28,181100.0,1986.0,2017
17,377900.0,1118.0,2017
24,554900.0,1728.0,2017
6,266200.0,1333.0,2017
1,191300.0,2270.0,2017
8,135500.0,1318.0,2017
29,156800.0,1825.0,2017
27,285600.0,2338.0,2017
15,183500.0,1386.0,2017
21,297100.0,1617.0,2017
22,221600.0,1816.0,2017
26,510200.0,3734.63989,2017
33,158300.0,1268.0,2017
35,343000.0,2680.0,2017
6,271500.0,1587.0,2017
33,147300.0,1060.0,2017
10,300300.0,2325.5,2017
20,260100.0,2280.0,2017
33,151100.0,1350.0,2017
29,86900.0,1220.0,2017
33,174300.0,1979.0,2017
7,310900.0,1611.0,2017
8,211100.0,1612.0,2017
28,182700.0,1614.0,2017
3,285600.0,2143.0,2017
13,172900.0,1470.85999,2017
3,101500.0,1020.0,2017
35,243800.0,1701.0,2017
14,227100.0,2552.0,2017
4,463000.0,3589.0,2017
11,506900.0,4359.0,2017
15,189400.0,1071.0,2017
2,103700.0,1020.0,2017
7,332500.0,1852.19995,2017
35,300200.0,2104.0,2017
6,397200.0,2098.0,2017
32,105700.0,1312.0,2017
9,113100.0,1000.0,2017
19,270900.0,616.0,2017
16,146300.0,1210.0,2017
3,130400.0,1118.0,2017
11,115800.0,1204.0,2017
21,170400.0,1048.0,2017
