APN,DistrictCode,Council District,AddressFullAddress,AddressCity,AddressPostalCode,2017 LAND,2017 IMPR,appraisal_value,2017 TOTAL ASSD,finished_area
135140A15100CO,USD ,28,628 ROCKY MOUNTAIN PKWY,ANTIOCH,37013,36000,159600,195600,48900,1898.0
16205007900,USD ,27,5340 EULALA DR,NASHVILLE,37211,35000,145500,180500,45125,1824.0
155030C01700CO,GSD ,35,8117 POPLARWOOD LN,NASHVILLE,37221,72000,335100,407100,101775,3581.0
10513037300,USD ,17,923 WALDKIRCH AVE,NASHVILLE,37204,260000,695600,955600,238900,3258.0
02602001700,GO  ,10,513 HANOVER CT,GOODLETTSVILLE,37072,40000,164400,204400,51100,1874.0
10412011100,USD ,18,2005 20TH AVE S,NASHVILLE,37212,280000,651500,931500,232875,3409.75
176050B09700CO,USD ,33,6137 FIRELIGHT TRL,ANTIOCH,37013,36000,156300,192300,48075,1920.0
11503003500,USD ,23,754 BROOK HOLLOW RD,NASHVILLE,37205,180000,189800,369800,92450,1778.0
142010A01900CO,GSD ,22,8207 SAWYER BROWN RD D-1,NASHVILLE,37221,38000,147600,185600,46400,1585.0
182060A28300CO,GSD ,31,8813 CRESSENT GLEN CT,ANTIOCH,37013,34000,160100,194100,48525,1765.0
15007027100,USD ,33,3346 OAK TREES CT,ANTIOCH,37013,18500,77000,95500,23875,1154.0
14802004400,USD ,28,3416 LUNA CT,NASHVILLE,37211,28500,131500,160000,40000,1100.0
155070B03100CO,GSD ,35,6769 COLD STREAM DR,NASHVILLE,37221,68000,307400,375400,93850,3874.0
142160D00100CO,GSD ,34,2409 DEVON VALLEY DR,NASHVILLE,37221,63000,341700,404700,101175,2801.97998
058090A26900CO,GSD ,1,2656 JORDAN RIDGE DR,NASHVILLE,37218,47000,189100,236100,59025,2045.0
10303020300,USD ,24,138 51ST AVE N,NASHVILLE,37209,250000,545800,795800,198950,3176.0
10405016200,USD ,24,3715 PRINCETON AVE,NASHVILLE,37205,240000,526900,766900,191725,3583.0
03315007900,USD ,8,1021 WOODS LAKE DR,MADISON,37115,46000,90000,136000,34000,1100.0
08313034800,USD ,6,1420 BOSCOBEL ST,NASHVILLE,37206,180000,133800,313800,78450,1230.0
171030A21900CO,USD ,4,122 CARRIAGE CT,BRENTWOOD,37027,58000,222500,280500,70125,2104.0
03304004400,GO  ,10,521 ALTA LOMA RD,GOODLETTSVILLE,37072,51800,81600,133400,33350,1386.0
00400018100,GSD ,1,5541 DEER RUN,JOELTON,37080,75200,335800,411000,102750,2538.0
094020B00900CO,USD ,6,1807 A SEVIER ST,NASHVILLE,37206,112000,232200,344200,86050,1640.0
07115006500,USD ,5,1318 MERIDIAN ST,NASHVILLE,37207,80000,81300,161300,40325,951.0
05312014800,GSD ,11,207 32ND ST,OLD HICKORY,37138,31000,45200,76200,19050,1040.0
126160A22300CO,GSD ,35,7021 BRIDGEPORT DR,NASHVILLE,37221,54000,189700,243700,60925,1926.0
08405004000,USD ,6,818 ROSE PARK DR,NASHVILLE,37206,110000,99100,209100,52275,1525.0
151100A11600CO,GSD ,33,1024 WINDSOR BROOK PL,ANTIOCH,37013,30500,117100,147600,36900,1250.0
181010B32900CO,GSD ,31,6593 SUNNYWOOD DR,NASHVILLE,37211,55000,228300,283300,70825,2324.0
142090B84100CO,GSD ,22,841 GENERAL GEORGE PATTON RD,NASHVILLE,37221,38000,159000,197000,49250,1728.0
13409007400,USD ,26,3633 DONNA KAY DR,NASHVILLE,37211,30500,101300,131800,32950,1087.0
08412003800,USD ,15,3119 KNOBDALE RD,NASHVILLE,37214,52000,225300,277300,69325,2136.0
10411030100,USD ,18,2536 BLAIR BLVD,NASHVILLE,37212,319000,169200,488200,122050,1806.0
06505003100,GSD ,11,4832 SMOKEY DR,OLD HICKORY,37138,35000,105600,140600,35150,2600.0
142040A11900CO,USD ,23,214 OLD HICKORY BLVD 119,NASHVILLE,37221,25000,76800,101800,25450,730.0
06100002208,USD ,8,519 BEN ALLEN RD,NASHVILLE,37216,33300,68200,101500,25375,810.0
01600007300,GSD ,1,2324 UNION HILL RD,GOODLETTSVILLE,37072,57000,61600,118600,29650,904.0
11506007100,USD ,23,525 CLEMATIS DR,NASHVILLE,37205,200000,212000,412000,103000,1885.0
104120A00900CO,USD ,18,1901 18TH AVE S 102,NASHVILLE,37212,27000,122800,149800,37450,605.0
11616010400,USD ,34,4000 SNEED RD,NASHVILLE,37215,360000,131300,491300,122825,1766.0
07214040700,USD ,7,1710 JEANS CT,NASHVILLE,37216,140000,61600,201600,50400,1400.0
05302000100,GSD ,11,286 MARTINGALE DR,OLD HICKORY,37138,37800,137300,175100,43775,1104.0
117030D24100CO,USD ,25,241 HILLSBORO PL,NASHVILLE,37215,48000,187200,235200,58800,1048.0
176010A00200CO,USD ,33,5044 SINGING HILLS DR,ANTIOCH,37013,38000,177500,215500,53875,1961.0
14805019500,USD ,30,335 LEO LN,NASHVILLE,37211,35000,86200,121200,30300,974.0
04107001100,GSD ,3,3989 LAWING DR,NASHVILLE,37207,45000,148300,193300,48325,1622.0
05909002300,USD ,1,3101 KINGS LN,NASHVILLE,37218,30000,79600,109600,27400,1000.0
08112039400,USD ,19,1402 A 10TH AVE N,NASHVILLE,37208,185000,180200,365200,91300,2534.6001
06404004400,GSD ,11,305 WOODVIEW CT,OLD HICKORY,37138,20000,94800,114800,45920,890.0
04306018300,USD ,9,516 FEDDERS DR,MADISON,37115,35000,95000,130000,32500,1644.5
164020A11000CO,USD ,33,1112 COTTAGE VIEW LN,ANTIOCH,37013,30000,119000,149000,37250,1348.0
126150A25700CO,GSD ,35,912 CANYON CT,NASHVILLE,37221,62000,186400,248400,62100,1647.0
11915015800,USD ,16,113 NEESE DR,NASHVILLE,37211,36000,115900,151900,37975,1152.0
13307012500,USD ,16,3329 GOODLAND RD,NASHVILLE,37211,44000,184700,228700,57175,1670.0
14211013100,GSD ,22,7212 WILLOW CREEK DR,NASHVILLE,37221,56000,211600,267600,66900,1756.0
10812000100,GSD ,13,3225 TRAILS END LN,NASHVILLE,37214,24200,114400,138600,34650,1260.0
05204008200,GSD ,9,236 MANZANO RD,MADISON,37115,22500,92900,115400,28850,1457.92004
097020A36200CO,GSD ,14,2527 RIVER TRAIL DR,HERMITAGE,37076,37000,139600,176600,44150,1216.0
164100A25800CO,USD ,32,4272 SANDSTONE DR,ANTIOCH,37013,31000,247700,278700,69675,2892.0
05814001000,USD ,1,4113 KINGS LN,NASHVILLE,37218,33300,245400,278700,69675,2882.0
10407009900,USD ,18,2802 BELCOURT AVE,NASHVILLE,37212,319000,382800,701800,175450,2777.0
11505005700,USD ,23,6836 PENNYWELL DR,NASHVILLE,37205,180000,227600,407600,101900,2964.58008
09204038800,USD ,19,923 WARREN ST,NASHVILLE,37208,138800,163500,302300,75575,1411.0
15902006800,FH  ,34,5457 GRANNY WHITE PIKE,BRENTWOOD,37027,493900,214900,708800,177200,2579.0
13214003200,OH  ,34,899 VAN LEER DR,NASHVILLE,37220,280000,253300,533300,133325,2016.0
141120C02100CO,GSD ,35,7236 RIVER BEND RD,NASHVILLE,37221,62000,217900,279900,69975,2107.0
093061J29900CO,CBID,19,415 CHURCH ST 2912,NASHVILLE,37219,105600,376100,481700,120425,1083.0
16400011600,USD ,33,3603 PIN HOOK RD,ANTIOCH,37013,73600,153000,226600,56650,2164.0
093060A18600CO,CBID,19,301 DEMONBREUN ST 1310,NASHVILLE,37201,67000,495600,562600,140650,1113.0
041010A03400CO,GSD ,3,5457 DANIEL RAY DR,WHITES CREEK,37189,39000,138300,177300,44325,1902.58252
105140C82900CO,USD ,17,2310 ELLIOTT AVE 829,NASHVILLE,37204,62000,248600,310600,77650,1252.0
05108012800,USD ,7,111 DUE WEST AVE,MADISON,37115,20000,54200,74200,18550,720.0
141120D10500CO,GSD ,35,105 MORTON MILL CIR,NASHVILLE,37221,42000,222600,264600,66150,1745.0
14214008100,GSD ,35,713 MYHR DR,NASHVILLE,37221,70000,160300,230300,57575,1636.0
135140A27200CO,USD ,28,1017 BLUE MOUNTAIN LN,ANTIOCH,37013,36000,154800,190800,47700,1885.0
135120A03900CO,USD ,29,2079 NASHBORO BLVD,NASHVILLE,37217,24000,51000,75000,18750,1278.0
11611011100,BM  ,23,309 WESTVIEW AVE,NASHVILLE,37205,957000,918400,1875400,468850,6566.41992
16012000300,USD ,4,5445 SAN MARCOS DR,NASHVILLE,37220,80000,293100,373100,93275,2189.5
06005001100,USD ,2,3019 CAPPS DR,NASHVILLE,37207,32000,189300,221300,55325,2938.0
09316032901,USD ,19,116 J C NAPIER ST,NASHVILLE,37210,29800,47700,77500,19375,1038.0
16500005500,USD ,33,3952 PIN HOOK RD,ANTIOCH,37013,87800,159600,247400,61850,3652.0
03308000700,GO  ,10,104 HARDAWAY DR,GOODLETTSVILLE,37072,32500,111900,144400,36100,1175.0
155080C25300CO,GSD ,35,6760 AUTUMNWOOD DR,NASHVILLE,37221,60000,324800,384800,96200,2602.0
151010A05800CO,USD ,33,3417 BRIDGETON CV,ANTIOCH,37013,32500,166000,198500,49625,2121.0
091080G00200CO,USD ,20,4518 MICHIGAN AVE,NASHVILLE,37209,124000,253700,377700,94425,1972.0
16210011500,USD ,31,553 ROXANNE DR,ANTIOCH,37013,32000,162300,194300,48575,2078.37988
16205018400,USD ,27,274 OCALA DR,NASHVILLE,37211,35000,102300,137300,34325,1425.0
09511010900,USD ,15,412 WOODBERRY DR,NASHVILLE,37214,36400,298800,335200,83800,2684.5
08106024000,USD ,21,1833 25TH AVE N CT,NASHVILLE,37208,60000,54900,114900,28725,1355.0
11513000800,USD ,23,6506 GRAYSON CT,NASHVILLE,37205,200000,267000,467000,116750,2995.0
06916002600,USD ,2,2003 MANCHESTER AVE,NASHVILLE,37218,29000,78600,107600,26900,1428.0
04306016100,USD ,9,582 ANDERSON LN,MADISON,37115,35000,92000,127000,31750,1325.0
082140A09000CO,USD ,19,852 1ST AVE N,NASHVILLE,37201,43000,219900,262900,65725,996.0
05103006700,USD ,8,403 NORMAN DR,MADISON,37115,33500,133600,167100,41775,1487.0
156010A03000CO,GSD ,35,7921 AMBER HILLS LN,NASHVILLE,37221,48000,212700,260700,65175,2274.0
173090A31400CO,GSD ,31,1016 LOXLEY DR,NASHVILLE,37211,42000,159100,201100,50275,1280.0
131032A00100CO,USD ,25,4110 A ORIOLE PL,NASHVILLE,37215,208000,55100,263100,65775,2672.0
093060A13500CO,CBID,19,301 DEMONBREUN ST 1101,NASHVILLE,37201,67000,228700,295700,73925,616.0
14603001600,OH  ,34,721 LAMBERT DR,NASHVILLE,37220,225000,314100,539100,134775,2769.0
183050A32800CO,GSD ,33,4521 RED BARK CT,ANTIOCH,37013,46000,223000,269000,67250,3221.0
149030F03900CO,USD ,29,737 GRIGGS PL,NASHVILLE,37217,35000,149300,184300,46075,1650.0
04307002000,USD ,9,304 MCARTHUR DR,MADISON,37115,36300,90500,126800,31700,1120.0
122150A03300CO,USD ,29,4001 ANDERSON RD 33,NASHVILLE,37217,22000,63200,85200,21300,1560.0
14607000100,OH  ,34,700 SILLS CT,NASHVILLE,37220,225000,155500,380500,95125,2213.0
165050A01200CO,USD ,33,120 OCEANFRONT CIR N,ANTIOCH,37013,27500,108400,135900,33975,1470.0
104060N30300CO,USD ,18,303 ROSE HALL,NASHVILLE,37212,55000,215900,270900,67725,1250.0
10207012700,USD ,20,6708 UPTON LN,NASHVILLE,37209,91000,130800,221800,55450,1266.0
042110B04800CO,USD ,8,405 COLUMBUS TRACE CT,MADISON,37115,24000,101600,125600,31400,1472.0
131010A14500CO,USD ,34,4107 LEGEND HALL DR,NASHVILLE,37215,123000,468500,591500,147875,3000.08008
131040C00100CO,USD ,25,1127 BELVIDERE DR,NASHVILLE,37204,184000,553700,737700,184425,3346.0
08203020800,USD ,5,1003 STOCKELL ST,NASHVILLE,37207,100000,319900,419900,104975,2546.75
08107043700,USD ,21,1905 11TH AVE N,NASHVILLE,37208,62000,94000,156000,39000,1456.0
02900012500,GSD ,1,4271 GRAYS POINT RD,JOELTON,37080,41100,152800,193900,48475,1840.0
050100C28700CO,GSD ,3,3460 RAINWOOD DR,NASHVILLE,37207,29000,121300,150300,37575,1531.0
135120C01300CO,USD ,29,1973 NASHBORO BLVD,NASHVILLE,37217,29000,112600,141600,35400,1320.0
08309007600,USD ,6,1206 GARTLAND AVE,NASHVILLE,37206,187000,315200,502200,125550,1998.0
07504022000,GSD ,12,4801 CONCORD DR,HERMITAGE,37076,38000,156200,194200,48550,2086.0
02900002600,GSD ,1,5925 CLARKSVILLE PIKE,JOELTON,37080,71300,250200,321500,80375,2768.0
108070B15800CO,GSD ,13,216 TIMBERWAY DR,NASHVILLE,37214,22000,88700,110700,27675,1188.0
103150B12100CO,USD ,24,4487 POST PL 121,NASHVILLE,37205,49000,234600,283600,70900,1654.0
17601003000,USD ,33,3801 ROUND ROCK DR,ANTIOCH,37013,38000,211400,249400,62350,2651.0
16413016900,USD ,32,5749 MURPHYWOOD XING,ANTIOCH,37013,31500,152400,183900,45975,2057.25
09605007300,USD ,15,2642 WOODBERRY DR,NASHVILLE,37214,45600,106500,152100,38025,1021.0
10411033400,USD ,18,2406 BLAIR BLVD,NASHVILLE,37212,319000,322400,641400,160350,3978.0
149020F03300CO,USD ,28,164 SHIAWAY CT,NASHVILLE,37217,33000,116900,149900,37475,1376.0
063160B19500CO,GSD ,11,1120 DAWNWOOD DR,OLD HICKORY,37138,40000,171000,211000,52750,1821.0
12907004100,USD ,23,6531 MELINDA DR,NASHVILLE,37205,260000,188200,448200,112050,2459.0
105130T00200CO,USD ,17,2209 B 10TH AVE S,NASHVILLE,37204,208000,387900,595900,148975,2236.0
14603003200,OH  ,34,4904 LAMBERT DR,NASHVILLE,37220,225000,123600,348600,87150,1992.0
14100007700,GSD ,22,7905 HIGHWAY 70 S,NASHVILLE,37221,56000,429700,485700,121425,3372.0
103010F00200CO,USD ,20,6034 B NEIGHBORLY AVE,NASHVILLE,37209,72000,0,72000,18000,2538.0
149110A05400CO,USD ,32,1484 RICE HILL CIR,ANTIOCH,37013,26000,111800,137800,34450,1944.80005
07110008000,USD ,2,1309 BESSIE AVE,NASHVILLE,37207,57800,0,57800,14450,0.0
091080B00600CO,USD ,20,4522 MICHIGAN AVE,NASHVILLE,37209,124000,190000,314000,78500,1504.0
131010A15500CO,USD ,34,4116 LEGEND HALL DR,NASHVILLE,37215,123000,503500,626500,156625,3056.83008
097020A22600CO,GSD ,14,3906 HOGGETT FORD RD,HERMITAGE,37076,37000,137400,174400,43600,1216.0
104020S01900CO,USD ,21,116 31ST AVE N 303,NASHVILLE,37203,48000,228700,276700,69175,1133.0
104020F01100CO,USD ,21,3204 WEST END CIR 11,NASHVILLE,37203,32000,127900,159900,39975,602.0
174110B03100CO,GSD ,33,6305 ELI DR,ANTIOCH,37013,44000,239300,283300,70825,2916.0
11200002900,GSD ,35,553 LONGVIEW DR,PEGRAM,37143,36000,207300,243300,60825,1751.0
11000015700,GSD ,12,4815 ALVIN SPERRY RD,MOUNT JULIET,37122,45600,82400,128000,32000,1115.0
05914020900,USD ,2,3838 ATWELL DR,NASHVILLE,37207,29000,59700,88700,22175,1025.0
05910008400,USD ,1,4029 BUENA VISTA PIKE,NASHVILLE,37218,29000,73100,102100,25525,1350.0
08106006800,USD ,21,2705 DEERFIELD DR,NASHVILLE,37208,60000,47700,107700,26925,1107.0
14906017700,USD ,28,1104 PEBBLE CREEK CT E,ANTIOCH,37013,36000,169200,205200,51300,1927.0
05112011200,USD ,7,436 BEECH AVE,MADISON,37115,20000,70900,90900,22725,1042.0
09503007700,USD ,15,214 FAIRWAY DR,NASHVILLE,37214,36000,158800,194800,48700,1632.0
173080A12100CO,USD ,31,3053 BLUFFHOLLOW GAP,ANTIOCH,37013,49000,202600,251600,62900,2401.0
126160A05500CO,GSD ,35,6629 VALLEYPARK DR,NASHVILLE,37221,54000,282600,336600,84150,2557.0
150120A17700CO,USD ,33,1805 QUAILS NEST CT,ANTIOCH,37013,39000,184200,223200,55800,2648.0
11704013100,USD ,18,1828 WILDWOOD AVE,NASHVILLE,37212,330000,133200,463200,115800,1809.0
13003006000,BM  ,23,619 ROYAL OAKS PL,NASHVILLE,37205,614300,126500,740800,185200,2189.0
03210000700,GSD ,3,4264 BRICK CHURCH PIKE,WHITES CREEK,37189,43000,190100,233100,58275,2428.0
143020B03400CO,USD ,23,770 HARPETH TRACE DR,NASHVILLE,37221,44000,198100,242100,60525,1436.0
097080A13000CO,GSD ,12,320 LAKE CHATEAU DR,HERMITAGE,37076,28000,109800,137800,34450,1193.0
041010A05800CO,GSD ,3,5129 RYAN ALLEN CIR,WHITES CREEK,37189,39000,158600,197600,49400,2100.79004
14701026700,USD ,26,4805 E LONGDALE DR,NASHVILLE,37211,63000,235100,298100,74525,1640.0
155160A30900CO,GSD ,35,5624 TRACESIDE DR,NASHVILLE,37221,74000,286000,360000,90000,2717.0
12810001100,GSD ,22,8013 STALLION CT,NASHVILLE,37221,52000,112900,164900,41225,1075.0
14815009100,USD ,30,4516 PACKARD DR,NASHVILLE,37211,28000,88700,116700,29175,1472.0
09506002400,USD ,15,241 CRAIGMEADE DR,NASHVILLE,37214,43400,252200,295600,73900,2758.0
11912004100,USD ,16,730 CAMEO DR,NASHVILLE,37211,40000,72100,112100,28025,811.0
13104012900,USD ,25,1025 BELVIDERE DR,NASHVILLE,37204,195500,319400,514900,128725,1812.5
16413015600,USD ,32,512 CHAPARAL CT,ANTIOCH,37013,31500,198600,230100,57525,2957.25
117070D02100CO,USD ,25,101 MATTHEW LN,NASHVILLE,37215,47000,193800,240800,60200,1040.0
117150A14200CO,USD ,25,1900 RICHARD JONES RD M-2,NASHVILLE,37215,39000,140900,179900,44975,862.0
17602006600,USD ,33,1940 TREEVIEW DR,ANTIOCH,37013,30000,160800,190800,47700,1729.0
12915001000,USD ,23,904 NEUHOFF LN,NASHVILLE,37205,85000,221600,306600,76650,2016.0
05810002300,USD ,1,4324 GOLDEN HILL DR,NASHVILLE,37218,33000,117700,150700,37675,1304.0
08305024200,USD ,6,907 N 12TH ST,NASHVILLE,37206,172500,282500,455000,113750,2032.0
160150A02400CO,USD ,4,127 HEARTHSTONE MANOR CIR,BRENTWOOD,37027,53000,250800,303800,75950,1741.0
06106007500,USD ,8,4107 HUTSON AVE,NASHVILLE,37216,87000,160500,247500,61875,2300.0
118010V00200CO,USD ,17,915 B HALCYON AVE,NASHVILLE,37204,208000,477200,685200,171300,2807.0
141060A06000CO,GSD ,22,7745 POPLAR RIDGE DR,NASHVILLE,37221,55000,208800,263800,65950,2016.0
07416009200,GSD ,14,5007 BONNAWELL DR,HERMITAGE,37076,33000,121100,154100,38525,1375.0
130130A02900CO,USD ,34,625 BELLE PARK CIR,NASHVILLE,37205,400000,1414500,1814500,453625,6037.0
04313013700,USD ,9,519 E MAPLE ST,MADISON,37115,20000,144500,164500,41125,1612.0
135110C02600CO,USD ,29,130 NASHBORO GRNS,NASHVILLE,37217,36000,94800,130800,32700,1493.0
09016006500,USD ,20,516 AMERICAN RD,NASHVILLE,37209,91000,142300,233300,58325,2362.0
11810016000,USD ,25,828 WOODMONT BLVD,NASHVILLE,37204,207000,253700,460700,115175,2392.0
149030A02300CO,USD ,28,1508 GROVESNOR CT,ANTIOCH,37013,33000,143300,176300,44075,1958.8999
15008009800,USD ,33,3517 COUNTRY WAY RD,ANTIOCH,37013,32000,127100,159100,39775,1425.0
14906017600,USD ,28,1108 PEBBLE CREEK CT E,ANTIOCH,37013,36000,155200,191200,47800,1902.0
13311020200,USD ,26,215 SHAWN DR,NASHVILLE,37211,34000,133700,167700,41925,2100.0
142030A34700CO,GSD ,22,347 DEER LAKE DR,NASHVILLE,37221,16000,63200,79200,19800,916.0
13304002900,USD ,16,3218 VADEN DR,NASHVILLE,37211,61800,371300,433100,108275,4998.0
071160A00600CO,USD ,5,733 DOUGLAS AVE,NASHVILLE,37207,64000,260300,324300,81075,2208.0
10601011600,USD ,17,90 NANCE LN,NASHVILLE,37210,82400,4200,86600,21650,674.0
04306033200,USD ,9,299 MAY DR,MADISON,37115,35000,111200,146200,36550,1350.0
117020C04000CO,USD ,24,678 TIMBER LN,NASHVILLE,37215,65000,348000,413000,103250,2116.0
14803008200,USD ,28,1517 GASSER DR,ANTIOCH,37013,25500,136200,161700,40425,1710.0
09316020500,USD ,19,70 FAIRFIELD AVE,NASHVILLE,37210,29800,73200,103000,25750,836.0
06104002300,USD ,7,4909 RUSKIN AVE,NASHVILLE,37216,74800,165200,240000,60000,1468.0
01700006900,GSD ,3,1607 UNION HILL RD,GOODLETTSVILLE,37072,46800,113700,160500,40125,1807.0
09408001000,USD ,15,1906 DAHLIA DR,NASHVILLE,37210,31200,68900,100100,25025,814.0
093090C17000CO,GBID,19,1212 LAUREL ST 1508,NASHVILLE,37203,81400,387000,468400,117100,888.0
08408007500,USD ,15,3011 MELODY LN,NASHVILLE,37214,52000,211800,263800,65950,2184.0
11914004600,USD ,16,255 TANKSLEY AVE,NASHVILLE,37211,43000,190400,233400,58350,1494.5
08702001100,GSD ,12,4240 NEW HOPE MEADOW RD,HERMITAGE,37076,50000,168700,218700,54675,1970.0
116080V00100CO,USD ,25,3729 WOODMONT BLVD,NASHVILLE,37215,340000,1495700,1835700,458925,6195.0
00400005300,GSD ,1,8491 RILEY ADCOCK RD,JOELTON,37080,38200,191000,229200,57300,1545.0
126150B27400CO,GSD ,35,8165 BOONE TRCE,NASHVILLE,37221,45000,203400,248400,62100,1824.0
150090B51500CO,USD ,29,515 FOREST POINTE PL,ANTIOCH,37013,22000,71700,93700,23425,1315.0
117070F02800CO,USD ,25,3421 GOLF CLUB LN,NASHVILLE,37215,55000,254000,309000,77250,1456.0
07504003200,GSD ,12,4557 ANDREW JACKSON PKWY,HERMITAGE,37076,38000,125300,163300,40825,1608.0
09110002200,USD ,20,5929 MACKIE ST,NASHVILLE,37209,83000,75200,158200,39550,918.0
06011003600,USD ,2,2816 SURF DR,NASHVILLE,37207,40000,105100,145100,36275,1151.0
10509034300,USD ,17,922 WEDGEWOOD AVE,NASHVILLE,37203,176000,123300,299300,74825,1228.0
06211005700,USD ,15,2500 SHERMAN CT,NASHVILLE,37214,56000,161800,217800,54450,1854.0
05816009800,USD ,1,269 HAYNES PARK DR,NASHVILLE,37218,29000,83200,112200,28050,1517.0
11502010300,USD ,23,1112 SPARTA RD,NASHVILLE,37205,180000,205000,385000,96250,2000.69995
150140A06100CO,USD ,33,205 SHOEMAKER CT,ANTIOCH,37013,31000,122800,153800,38450,1476.0
07112004300,USD ,5,1811 JOY CIR,NASHVILLE,37207,80000,288200,368200,92050,2800.0
117100A00200CO,USD ,25,2421 CRESTMOOR RD,NASHVILLE,37215,272000,408100,680100,170025,3446.0
11704025700,USD ,18,2812 OAKLAND AVE,NASHVILLE,37212,300000,965800,1265800,316450,4760.52002
164080C01300CO,USD ,33,512 AERIE LNDG,ANTIOCH,37013,40000,163800,203800,50950,1807.0
116130F01100CO,USD ,23,5704 OLD HARDING PIKE,NASHVILLE,37205,168000,0,168000,42000,0.0
07313014300,USD ,7,2700 TRAUGHBER DR,NASHVILLE,37206,110000,97100,207100,51775,978.0
07508023800,GSD ,12,660 DUTCHMANS DR,HERMITAGE,37076,38000,168300,206300,51575,2112.47998
03403004600,GSD ,10,2001 PAULA DR,MADISON,37115,55000,131000,186000,46500,1632.0
14608007700,USD ,26,385 BLACKMAN RD,NASHVILLE,37211,63000,240300,303300,75825,1657.0
01600019300,GSD ,1,7183 LAMA TERRA DR,GOODLETTSVILLE,37072,50300,198900,249200,62300,2158.0
12002005500,USD ,13,1306 VULTEE BLVD,NASHVILLE,37217,22500,91900,114400,28600,1192.0
14608004200,USD ,26,4821 MERRILL LN,NASHVILLE,37211,63000,244800,307800,76950,1325.0
04313042900,USD ,9,620 FOREST PARK CT,MADISON,37115,20000,106500,126500,31625,1052.0
109050D05000CO,GSD ,14,1736 LINCOYA BAY DR,NASHVILLE,37214,25000,102600,127600,31900,1088.0
14813007200,USD ,30,336 FAIRLANE DR,NASHVILLE,37211,31000,74700,105700,26425,925.0
05212007600,GSD ,9,639 CANTON PASS,MADISON,37115,31000,128000,159000,39750,1409.0
064160D17600CO,GSD ,11,2717 SPRING FARM CT,HERMITAGE,37076,38000,173600,211600,52900,1659.0
06002024100,USD ,3,3057 RICHMOND HILL DR,NASHVILLE,37207,33000,75900,108900,27225,1349.0
093130C20900CO,GBID,19,600 12TH AVE S 906,NASHVILLE,37203,87700,327700,415400,103850,942.0
08203044700,USD ,5,1101 LISCHEY AVE,NASHVILLE,37207,115000,321700,436700,109175,3262.0
08112004900,USD ,19,1703 DELTA AVE,NASHVILLE,37208,112500,38800,151300,37825,800.0
11704037000,USD ,18,2910 PRIMROSE CIR,NASHVILLE,37212,300000,93400,393400,98350,1415.0
050020A03200CO,GSD ,3,1434 HAVENBROOK DR,NASHVILLE,37207,38000,0,38000,9500,0.0
128150B20200CO,GSD ,22,202 POST CREEK RD,NASHVILLE,37221,28000,115000,143000,35750,1128.0
16413020700,USD ,32,616 BRIDGETTE CT,ANTIOCH,37013,31500,166400,197900,49475,2074.0
16012010700,USD ,4,5523 WAKEFIELD DR,BRENTWOOD,37027,80000,271300,351300,87825,2003.0
10411035600,USD ,18,2121 BERNARD AVE,NASHVILLE,37212,290000,160300,450300,112575,1534.0
14910011800,USD ,28,5109 COUNTRYSIDE DR,ANTIOCH,37013,34000,152700,186700,46675,1914.0
02900029400,GSD ,1,4289 BERNARD RD,JOELTON,37080,34600,132300,166900,41725,1800.0
180040B06200CO,GSD ,4,3083 BROOKVIEW FOREST DR,NASHVILLE,37211,75000,230400,305400,76350,2226.0
155160A36200CO,GSD ,35,6549 BUTTERCUP DR,NASHVILLE,37221,74000,350100,424100,106025,3275.5
08311003800,USD ,6,607 B SHADY LN,NASHVILLE,37206,80000,67200,147200,36800,1165.0
104110E00200CO,USD ,18,2130 PORTLAND AVE,NASHVILLE,37212,60000,219400,279400,69850,1028.0
07404005400,GSD ,14,8134 BONNAFAIR DR,HERMITAGE,37076,33000,149700,182700,45675,1971.0
135100C06900CO,USD ,28,1833 OLIVE CIR,NASHVILLE,37217,37000,208700,245700,61425,2360.0
08108002300,USD ,21,1809 9TH AVE N,NASHVILLE,37208,62000,80900,142900,35725,1792.0
14903002600,USD ,29,2509 SLEEPY HOLLOW DR,NASHVILLE,37217,35000,166900,201900,50475,2181.0
160160B04500CO,USD ,4,301 AVERY CT,BRENTWOOD,37027,79000,363000,442000,110500,3158.0
13313004500,USD ,26,561 ELYSIAN FIELDS RD,NASHVILLE,37211,54000,274000,328000,82000,2143.0
01514004500,GSD ,1,7515 GARY RD,JOELTON,37080,43000,170600,213600,53400,2904.0
05212008700,GSD ,9,1225 APACHE LN,MADISON,37115,32000,198100,230100,57525,3290.0
161160A03000CO,USD ,4,159 SHADOW GLEN DR,NASHVILLE,37211,32000,129600,161600,40400,1216.0
05911004400,USD ,2,700 RINGGOLD DR,NASHVILLE,37207,29000,78100,107100,26775,1450.0
051020A01500CO,USD ,8,2021 CHADWELL OVERLOOK DR,MADISON,37115,38000,0,38000,9500,0.0
16207002500,USD ,30,83 BENZING RD,ANTIOCH,37013,28000,133900,161900,40475,2252.0
081030O00200CO,USD ,2,2132 B 15TH AVE N,NASHVILLE,37208,50000,79800,129800,32450,1620.0
13009015000,BM  ,23,1204 NICHOL LN,NASHVILLE,37205,614300,1105000,1719300,429825,4663.0
08008025900,USD ,1,3236 MEXICO DR,NASHVILLE,37218,28100,94800,122900,30725,1546.0
10416041900,USD ,18,2400 B BELMONT BLVD,NASHVILLE,37212,300000,767500,1067500,266875,3604.0
07115019500,USD ,5,1334 STAINBACK AVE,NASHVILLE,37207,80000,192800,272800,68200,1654.13
09611003800,USD ,14,616 GAILWOOD LN,NASHVILLE,37214,46200,118400,164600,41150,1650.0
12001005300,USD ,13,1203 CATINA DR,NASHVILLE,37217,22500,51200,73700,18425,759.0
05312022900,GSD ,11,516 SANDY CV,OLD HICKORY,37138,500000,229100,729100,182275,4297.740229999999
142090H08400CO,GSD ,22,9113 SAWYER BROWN RD,NASHVILLE,37221,47000,191500,238500,59625,1927.0
03316018200,USD ,8,301 CONNARE DR,MADISON,37115,46000,123100,169100,42275,1823.0
09501000500,USD ,15,2100 DEARBORN DR,NASHVILLE,37214,36000,171300,207300,51825,2386.0
053060B05000CO,GSD ,11,2520 PARK GREEN LN,OLD HICKORY,37138,33000,120600,153600,38400,1163.0
16000014300,OH  ,34,5614 HILLVIEW DR,BRENTWOOD,37027,281800,205100,486900,121725,2316.0
082130E31100CO,USD ,19,817 3RD AVE N 311,NASHVILLE,37201,60000,264800,324800,81200,1000.0
11608003800,USD ,24,224 WOODMONT CIR,NASHVILLE,37205,340000,228800,568800,142200,1813.0
142070F05000CO,GSD ,22,7252 HIGHWAY 70 S 1106,NASHVILLE,37221,45000,157500,202500,50625,1902.0
073130M00200CO,USD ,7,2605 B TRAUGHBER DR,NASHVILLE,37206,88000,32000,120000,30000,1894.0
14814013700,USD ,30,185 BRENDA CT,ANTIOCH,37013,34000,141100,175100,43775,1668.5
126150B16900CO,GSD ,35,7016 LEXINGTON POINT DR,NASHVILLE,37221,45000,202100,247100,61775,1824.0
04315004800,USD ,9,125 RANDY RD,MADISON,37115,37500,71200,108700,27175,1086.0
093130B32200CO,GBID,19,320 11TH AVE S 322,NASHVILLE,37203,52000,166800,218800,87520,540.0
164060B06900CO,GSD ,33,558 BRADBURN VILLAGE CIR,ANTIOCH,37013,25000,101500,126500,31625,1216.0
130130A02800CO,USD ,34,609 BELLE PARK CIR,NASHVILLE,37205,400000,1130600,1530600,382650,4291.0
07005003100,USD ,2,2415 STIVERS ST,NASHVILLE,37218,26100,56400,82500,20625,1134.0
10505048700,USD ,17,1707 HILLSIDE AVE,NASHVILLE,37203,220000,244400,464400,116100,1862.25
05910014500,USD ,1,4024 KINGS CIR,NASHVILLE,37218,29000,77900,106900,26725,1430.0
131010D04200CO,USD ,34,5025 HILLSBORO PIKE 7-A,NASHVILLE,37215,40000,219300,259300,64825,1194.0
05101005800,USD ,8,827 DUE WEST AVE N,MADISON,37115,26000,0,26000,6500,0.0
103140A04300CO,USD ,24,4500 POST RD 43,NASHVILLE,37205,40000,252600,292600,73150,1886.0
172100B00400CO,GSD ,4,6613 CHRISTIANSTED LN,NASHVILLE,37211,81000,249200,330200,82550,2159.0
11614004200,BM  ,23,207 SCOTLAND PL,NASHVILLE,37205,278200,255900,534100,133525,1812.0
150090A18300CO,USD ,29,3472 CALAIS CIR,ANTIOCH,37013,31000,129900,160900,40225,1371.0
04000009800,GSD ,3,3840 KNIGHT DR,WHITES CREEK,37189,60600,75500,136100,34025,1676.0
13303004900,USD ,16,170 ANTIOCH PIKE,NASHVILLE,37211,56300,151100,207400,51850,1537.0
107140A02000CO,USD ,13,1296 MASSMAN DR,NASHVILLE,37217,17000,63700,80700,20175,1160.0
105020J00200CO,USD ,17,939 SOUTH ST,NASHVILLE,37203,176000,512600,688600,172150,2947.0
16112000700,USD ,27,389 ASH GROVE DR,NASHVILLE,37211,30800,184300,215100,53775,1970.0
17800000301,GSD ,35,9695 HIGHWAY 96,NASHVILLE,37221,48800,139300,188100,47025,1100.0
142130A08300CO,GSD ,35,808 EADES CT,NASHVILLE,37221,62000,258000,320000,80000,3001.0
092160B07700CO,USD ,19,900 19TH AVE S 708,NASHVILLE,37212,29000,247800,276800,69200,1300.0
083050G00300CO,USD ,5,701 A CLEO MILLER DR,NASHVILLE,37206,60000,0,60000,15000,0.0
155160A38900CO,GSD ,35,6408 HOLLY TRACE CT,NASHVILLE,37221,74000,293700,367700,91925,2761.0
04215010100,USD ,8,119 BEVERLY DR,MADISON,37115,33500,162200,195700,48925,2051.0
126150B32500CO,GSD ,35,6753 BOUNDARY RUN,NASHVILLE,37221,45000,222100,267100,66775,1824.0
09115037200,USD ,24,303 54TH AVE N,NASHVILLE,37209,256500,391600,648100,162025,2990.5
16201004200,USD ,27,277 TUSCULUM RD,ANTIOCH,37013,46200,69900,116100,29025,1565.0
16016006400,USD ,4,5949 FIRESIDE DR,BRENTWOOD,37027,82000,325100,407100,101775,2718.0
02900018700,GSD ,1,3888 CANTARUTTI RD,JOELTON,37080,22000,137800,159800,39950,1215.0
142060B27400CO,GSD ,22,810 BELLEVUE RD 274,NASHVILLE,37221,22000,89900,111900,27975,1058.0
14903008900,USD ,29,2442 SCOTT VALLEY DR,NASHVILLE,37217,16500,62400,78900,19725,1008.0
181140A00500CO,GSD ,31,8334 OAK KNOLL DR,BRENTWOOD,37027,50000,150200,200200,50050,1606.0
04104002500,GSD ,3,1145 CHERBRON DR,NASHVILLE,37207,55000,112200,167200,41800,1683.0
08110033500,USD ,21,1626 24TH AVE N,NASHVILLE,37208,55800,36400,92200,23050,986.0
15003003700,USD ,33,3421 TIMBER TRL,ANTIOCH,37013,32000,119300,151300,37825,1830.0
07605016700,GSD ,11,4708 ASHLEY WAY,HERMITAGE,37076,27000,167900,194900,48725,1129.0
12905002900,USD ,23,221 ROLLING FORK CT,NASHVILLE,37205,200000,311800,511800,127950,2357.0
11607002500,BM  ,23,214 LYNNWOOD TER,NASHVILLE,37205,825000,753500,1578500,394625,4587.0
104080K00400CO,USD ,17,1520 16TH AVE S 4,NASHVILLE,37212,35000,172100,207100,51775,690.0
13513000200,USD ,28,449 FRANKLIN LIMESTONE RD,NASHVILLE,37217,24000,90000,114000,28500,1300.0
162090D02700CO,USD ,27,2032 PINECREST DR,NASHVILLE,37211,30000,123700,153700,38425,1240.0
143030C00900CO,USD ,23,6901 HIGHLAND PARK DR,NASHVILLE,37205,35000,125800,160800,40200,1628.0
164100A02900CO,USD ,32,205 STONEDALE WAY,ANTIOCH,37013,31000,191500,222500,55625,2254.0
131060B00200CO,USD ,25,12 BELCARO CIR,NASHVILLE,37215,112000,344200,456200,114050,2159.0
11906005100,USD ,16,93 JAY ST,NASHVILLE,37210,70000,41900,111900,27975,759.0
06412004800,GSD ,11,4716 KALAMATH DR,OLD HICKORY,37138,35000,151400,186400,46600,2057.0
063160A03000CO,GSD ,11,657 GRANWOOD BLVD,OLD HICKORY,37138,40000,148000,188000,47000,1439.0
07307002700,USD ,15,2412 KIMBERLY DR,NASHVILLE,37214,47000,195500,242500,60625,1682.0
13307029900,USD ,26,305 NORWAY CT,NASHVILLE,37211,15300,57800,73100,18275,756.0
07111005500,USD ,5,129 MERIDIAN CT,NASHVILLE,37207,92000,79700,171700,42925,925.0
07309000800,USD ,7,2405 SANDY DR,NASHVILLE,37216,70000,234600,304600,76150,1828.0
14608018200,USD ,26,5008 TIMBERHILL DR,NASHVILLE,37211,68000,197000,265000,66250,1308.0
091070Q00200CO,USD ,20,4914 MICHIGAN AVE,NASHVILLE,37209,124000,242700,366700,91675,1800.0
141150B02800CO,GSD ,35,617 RIVER RIDGE CT,NASHVILLE,37221,55000,232100,287100,71775,2408.0
142110B03700CO,GSD ,22,813 MAGNOLIA CT E,NASHVILLE,37221,66000,317400,383400,95850,2640.0
11915005000,USD ,16,3117 SOUTHLAKE DR,NASHVILLE,37211,45000,133600,178600,44650,1258.0
14808013400,USD ,28,4560 XAVIER DR,ANTIOCH,37013,26000,116600,142600,35650,1373.0
08112013900,USD ,19,1012 GARFIELD ST,NASHVILLE,37208,92500,148000,240500,60125,1056.0
141060C01100CO,GSD ,22,3828 WILLIAMETTE DR,NASHVILLE,37221,55000,175400,230400,57600,1524.0
08310001400,USD ,6,1514 GARTLAND AVE,NASHVILLE,37206,180000,293900,473900,118475,1762.5
155100A08000CO,GSD ,35,128 SEQUOYAH LN,NASHVILLE,37221,59000,228900,287900,71975,2242.0
10804016300,GSD ,13,905 WAGGONER CT E,NASHVILLE,37214,20000,126500,146500,36625,1496.0
11905025000,USD ,16,116 LUTIE ST,NASHVILLE,37210,70000,106700,176700,44175,1543.0
11907001700,USD ,16,386 WIMPOLE DR,NASHVILLE,37211,35000,158600,193600,48400,2176.0
142100B08400CO,GSD ,22,617 BARLIN DR,NASHVILLE,37221,35000,146700,181700,45425,1515.0
163020B11900CO,USD ,28,604 PIPPIN DR,ANTIOCH,37013,25000,120500,145500,36375,1423.0
11904001500,USD ,16,311 WIMPOLE DR,NASHVILLE,37211,35000,118000,153000,38250,1510.0
08209010800,USD ,19,1402 4TH AVE N,NASHVILLE,37208,150000,472400,622400,155600,2595.0
13009014300,BM  ,23,412 W BROOKFIELD AVE,NASHVILLE,37205,1023000,2137900,3160900,790225,8517.75
17602006800,USD ,33,1937 TREEVIEW DR,ANTIOCH,37013,30000,98100,128100,32025,1014.0
05113000300,USD ,8,637 LEMONT DR,NASHVILLE,37216,78200,131500,209700,52425,1633.0
14705019300,USD ,26,4929 DANBY DR,NASHVILLE,37211,68000,251300,319300,79825,1827.0
04500002400,GSD ,1,5241 LITTLE MARROWBONE RD,ASHLAND CITY,37015,33000,66000,99000,24750,1075.0
08301022600,USD ,5,1001 PETWAY AVE,NASHVILLE,37206,115000,119200,234200,58550,827.0
13101003200,USD ,34,3005 HOBBS RD,NASHVILLE,37215,468000,243900,711900,177975,2943.0
104023H00200CO,USD ,21,207 MASON AVE 102,NASHVILLE,37203,75000,302600,377600,94400,1701.0
162120A10500CO,USD ,31,1026 BRITTANY PARK DR,ANTIOCH,37013,25000,84500,109500,27375,938.0
07206001700,USD ,8,1023 MAYNOR AVE,NASHVILLE,37216,85000,247900,332900,83225,1821.0
171120A05700CO,USD ,4,6013 RIDGE FARM PL,BRENTWOOD,37027,83000,354300,437300,109325,3410.0
14905016700,USD ,28,4761 TERRAGON TRL,ANTIOCH,37013,22000,114500,136500,34125,2016.0
075120A08700CO,GSD ,12,4909 SCOTTS CREEK PKWY,HERMITAGE,37076,31000,107000,138000,34500,1118.0
060110B00300CO,USD ,2,706 COTTAGE PARK DR,NASHVILLE,37207,45000,180000,225000,56250,1444.0
04415027900,GSD ,11,1000 DEBOW ST,OLD HICKORY,37138,27000,109600,136600,34150,1225.0
09112003300,USD ,20,4608 INDIANA AVE,NASHVILLE,37209,155000,133100,288100,72025,2238.0
01600011000,GSD ,1,7221 APPLE VIEW DR,GOODLETTSVILLE,37072,50300,248300,298600,74650,2459.0
14814011900,USD ,30,124 COLEMONT CT,ANTIOCH,37013,34000,157600,191600,47900,2275.0
11709004500,USD ,25,2809 WIMBLEDON RD,NASHVILLE,37215,533000,368100,901100,225275,4222.1626
13106003100,USD ,25,2041 CASTLEMAN DR,NASHVILLE,37215,284100,279200,563300,140825,2689.0
07215020600,USD ,7,1617 RIVERSIDE DR,NASHVILLE,37216,103700,78500,182200,45550,1055.0
180040B06000CO,GSD ,4,3075 BROOKVIEW FOREST DR,NASHVILLE,37211,75000,265400,340400,85100,2576.0
09612000900,USD ,14,514 STEWARTS FERRY PIKE,NASHVILLE,37214,33000,154100,187100,46775,1785.0
164020A13100CO,USD ,33,2509 ROSALEE CT,ANTIOCH,37013,30000,0,30000,7500,0.0
10808002500,GSD ,13,3121 LUMBERJACK RD,NASHVILLE,37214,33000,132600,165600,41400,1701.0
08613001000,GSD ,14,3352 LAKESIDE PL,HERMITAGE,37076,30000,88000,118000,29500,1273.125
16203012800,USD ,30,316 BART DR,ANTIOCH,37013,32000,159200,191200,47800,1985.0
05910017600,USD ,2,3824 DUBOIS DR,NASHVILLE,37207,29000,77700,106700,26675,1640.0
08106017800,USD ,21,2711 BUCHANAN ST,NASHVILLE,37208,55800,73500,129300,32325,1590.9199199999998
083060Q00900CO,USD ,6,2021 EASTLAND AVE,NASHVILLE,37206,68000,0,68000,17000,0.0
07112002002,USD ,5,1605 LISCHEY AVE,NASHVILLE,37207,92000,37100,129100,32275,945.0
13505005600,USD ,28,308 MELVIN JONES DR,NASHVILLE,37217,30800,139000,169800,42450,2500.0
08515001300,USD ,14,3025 JENRY DR,NASHVILLE,37214,36000,181000,217000,54250,1600.22998
136100B00700CO,USD ,29,3517 SENECA FOREST DR,NASHVILLE,37217,18000,69100,87100,21775,1240.0
14714005400,USD ,27,609 WATSONWOOD DR,NASHVILLE,37211,60000,190400,250400,62600,1486.0
051150C00400CO,USD ,8,223 WALTON LN,MADISON,37115,50000,165000,215000,53750,1555.0
104110A03200CO,USD ,18,2134 FAIRFAX AVE B-16,NASHVILLE,37212,27000,108100,135100,33775,552.0
17600004800,USD ,33,4395 MAXWELL RD,ANTIOCH,37013,150800,392000,542800,135700,4014.5
16514004400,USD ,33,1121 BLUEWILLOW CT,ANTIOCH,37013,30000,95700,125700,31425,1104.0
091050F00100CO,USD ,20,619 A RIES AVE,NASHVILLE,37209,62000,260000,322000,80500,1814.0
059080A10200CO,USD ,2,4152 POLK FOREST CIR,NASHVILLE,37207,25000,103700,128700,32175,1142.0
131050C22100CO,USD ,34,221 CHESWICK CT,NASHVILLE,37215,72000,257200,329200,82300,1953.5
05312006400,GSD ,11,121 PITTS AVE,OLD HICKORY,37138,33000,113300,146300,36575,2047.5
117070M03600CO,USD ,25,2007 STOKES LN,NASHVILLE,37215,50000,235200,285200,71300,1228.12
141070B09400CO,GSD ,22,605 DUSK CT,NASHVILLE,37221,48000,218500,266500,66625,1933.0
09102015500,USD ,20,6113 LOUISIANA AVE,NASHVILLE,37209,155000,53500,208500,52125,1344.0
117070M00100CO,USD ,25,2093 STOKES LN,NASHVILLE,37215,50000,152200,202200,50550,951.1599699999999
082140A01700CO,USD ,19,1068 1ST AVE N,NASHVILLE,37201,43000,186600,229600,57400,630.0
03300007400,GSD ,3,1200 OLD DICKERSON PIKE,GOODLETTSVILLE,37072,43000,189600,232600,58150,1405.0
117030F01200CO,USD ,18,112 BONNIE BRIAR LN,NASHVILLE,37212,210000,184400,394400,98600,1790.75
108080B01100CO,GSD ,13,1119 QUAIL CT W,NASHVILLE,37214,20000,79000,99000,24750,1044.0
06011002000,USD ,2,230 KENNITH DR,NASHVILLE,37207,40000,149000,189000,47250,1789.0
173150A03200CO,GSD ,31,1217 BENDING CREEK DR,ANTIOCH,37013,42000,146200,188200,47050,1552.0
14716004100,USD ,30,4923 RAYWOOD LN,NASHVILLE,37211,34100,130700,164800,41200,1730.0
08311004600,USD ,6,528 SKYVIEW DR,NASHVILLE,37206,110000,229500,339500,84875,1771.5
10302009900,USD ,20,115 OCEOLA AVE,NASHVILLE,37209,88000,145900,233900,58475,1010.0
16106005800,USD ,27,5131 ASHLEY DR,NASHVILLE,37211,60000,248100,308100,77025,2446.4399399999998
11906006000,USD ,16,80 ELBERTA ST,NASHVILLE,37210,70000,70500,140500,35125,1008.0
131060H04900CO,USD ,25,460 CUMBERLAND PL,NASHVILLE,37215,100000,386400,486400,121600,2686.0
141070A49000CO,GSD ,22,361 WHITE OAK LN,NASHVILLE,37221,34000,248800,282800,113120,1850.0
14812010700,USD ,28,844 IRMA DR,ANTIOCH,37013,29000,105500,134500,33625,1815.75
14903004800,USD ,29,2538 EDGE O LAKE DR,NASHVILLE,37217,35000,164600,199600,49900,2191.0
16104007300,USD ,27,318 APRIL LN,NASHVILLE,37211,28000,126800,154800,38700,1258.0
106050A02600CO,USD ,17,82 B NANCE LN,NASHVILLE,37210,52000,209700,261700,65425,1583.0
14814031900,USD ,30,4025 SHUFELD CT,ANTIOCH,37013,13000,98900,111900,27975,1323.0
104010K00200CO,USD ,24,407 MCADOO AVE,NASHVILLE,37205,160000,181100,341100,85275,1552.0
06211003500,USD ,15,2835 GAYWINDS CT,NASHVILLE,37214,56100,195200,251300,62825,2851.95996
15009018200,USD ,29,3128 KINWOOD DR,ANTIOCH,37013,26400,107100,133500,33375,1247.0
01808002700,GO  ,10,225 SWIFT DR,GOODLETTSVILLE,37072,43700,210700,254400,63600,3744.0
13006005000,BM  ,23,734 JACKSON BLVD,NASHVILLE,37205,1023000,1736900,2759900,689975,5513.0
155080C01700CO,GSD ,35,6528 CHESSINGTON DR,NASHVILLE,37221,60000,365000,425000,106250,3854.0
105100B00200CO,USD ,17,2019 B BEECH AVE,NASHVILLE,37204,56000,241500,297500,74375,1112.0
14803011400,USD ,28,160 LUNA CIR,NASHVILLE,37211,25500,137500,163000,40750,1544.0
07213014300,USD ,5,2417 BRASHER AVE,NASHVILLE,37206,75000,109400,184400,46100,1323.92004
09110004400,USD ,20,5810 LESLIE AVE,NASHVILLE,37209,83000,45200,128200,32050,840.0
187050A10400CO,GSD ,31,3116 CELT ALY,NOLENSVILLE,37135,58000,185500,243500,60875,1442.0
08204003700,USD ,5,1116 N 7TH ST,NASHVILLE,37207,100000,87600,187600,46900,952.0
142040A15700CO,USD ,23,214 OLD HICKORY BLVD 157,NASHVILLE,37221,25000,105100,130100,32525,1116.0
11716019300,USD ,25,1100 MAPLEHURST AVE,NASHVILLE,37204,230000,158000,388000,97000,1743.0
03314006400,GSD ,3,411 CUNNIFF PKWY,GOODLETTSVILLE,37072,55000,152000,207000,51750,1896.0
059040A06400CO,USD ,3,3008 EWINGDALE DR,NASHVILLE,37207,32000,137300,169300,42325,1924.0
16012018200,USD ,4,516 HEARTHSTONE CIR,BRENTWOOD,37027,82000,276500,358500,89625,2005.0
181010A14500CO,GSD ,31,6720 SUGAR HILL DR,NASHVILLE,37211,55000,222900,277900,69475,2373.0
172120B03400CO,GSD ,4,1404 WOODFIELD DR,NASHVILLE,37211,48000,164300,212300,53075,1381.0
11914029600,USD ,16,302 SUNRISE AVE,NASHVILLE,37211,50000,113300,163300,40825,1078.0
105140A01700CO,USD ,17,2054 ELLIOTT AVE,NASHVILLE,37204,56000,259100,315100,78775,1333.0
09802004000,GSD ,12,5304 ROXBOROUGH PASS,HERMITAGE,37076,38500,131200,169700,42425,1062.0
11613005100,USD ,23,116 LAIRD RD,NASHVILLE,37205,210000,239100,449100,112275,2294.0
09600004700,USD ,14,761 MCCRORY CREEK RD,NASHVILLE,37214,103900,205200,309100,77275,1482.0
075120F06000CO,GSD ,11,735 TULIP GROVE RD 245,HERMITAGE,37076,30000,117200,147200,36800,1328.0
142160A09400CO,GSD ,35,1512 DAVENTRY CT,NASHVILLE,37221,86000,379300,465300,116325,3076.0
08216020800,USD ,6,615 FATHERLAND ST,NASHVILLE,37206,286000,124800,410800,102700,3582.0
15516004400,GSD ,35,5013 CAMBRON DR,NASHVILLE,37221,80000,131300,211300,52825,1665.0
11913011500,USD ,16,508 TIMMONS ST,NASHVILLE,37211,70000,61300,131300,32825,1407.0
162010B05200CO,USD ,30,415 CLAIRCREST DR,ANTIOCH,37013,23000,71600,94600,23650,1092.0
092160B02400CO,USD ,19,900 19TH AVE S 303,NASHVILLE,37212,29000,97900,126900,50760,550.0
180030A09800CO,GSD ,4,817 HOLT GROVE CT,NASHVILLE,37211,64500,297900,362400,90600,3051.0
10615002400,USD ,16,415 BUNKERHILL DR,NASHVILLE,37217,50000,162200,212200,53050,2088.0
07004001600,USD ,2,2428 WHITES CREEK PIKE,NASHVILLE,37207,30000,64200,94200,23550,975.0
16301006700,USD ,28,112 ANTIOCH WOODS WAY,ANTIOCH,37013,27000,109700,136700,34175,1177.0
155030D04000CO,GSD ,35,6949 HARPETH GLEN TRCE,NASHVILLE,37221,62000,258900,320900,80225,2530.0
02603001500,GO  ,10,313 CHISWICK CT,GOODLETTSVILLE,37072,40000,194900,234900,58725,2459.36011
09511010600,USD ,15,403 WANDA DR,NASHVILLE,37214,26000,213300,239300,59825,1488.0
10306007600,USD ,24,5508 MEADOWCREST LN,NASHVILLE,37209,70000,137800,207800,51950,904.0
06308012100,GSD ,11,606 HADLEYS BEND BLVD,OLD HICKORY,37138,34000,36500,70500,17625,717.0
135140B00700CO,USD ,28,1508 MOCK ORANGE CIR,NASHVILLE,37217,36000,152700,188700,47175,1777.0
135100C01000CO,USD ,28,2400 N GRAFTON CT,NASHVILLE,37217,37000,146100,183100,45775,1618.0
04405005200,GSD ,11,303 KEETON AVE,OLD HICKORY,37138,27600,68600,96200,24050,880.0
08414021100,USD ,15,206 DELLROSE DR,NASHVILLE,37214,36000,168500,204500,51125,1662.0
14202010100,GSD ,22,137 CARRIAGE DR,NASHVILLE,37221,50600,220900,271500,67875,1750.0
16109007700,USD ,4,5515 HILL CT,NASHVILLE,37220,32500,154200,186700,46675,1292.0
103160B08200CO,USD ,24,4215 HARDING PIKE 711,NASHVILLE,37205,60000,253300,313300,78325,1316.0
105140O00900CO,USD ,17,2118 ELLIOTT AVE #3,NASHVILLE,37204,67200,0,67200,16800,0.0
05700000800,GSD ,1,5443 OLD HICKORY BLVD,ASHLAND CITY,37015,62500,109100,171600,42900,1225.0
11911000300,USD ,16,2617 MASHBURN RD,NASHVILLE,37210,36000,122800,158800,39700,999.0
13307001600,USD ,16,3317 COLBY DR,NASHVILLE,37211,44000,109800,153800,38450,975.0
105071A41100CO,USD ,17,1260 MARTIN ST 411,NASHVILLE,37203,75000,0,75000,18750,1125.0
11701007000,USD ,24,703 LYNNBROOK RD,NASHVILLE,37215,479700,608200,1087900,271975,4224.75
08103008300,USD ,2,2211 14TH AVE N,NASHVILLE,37208,62000,46700,108700,27175,1104.0
16012012800,USD ,4,500 HEARTHSTONE CIR,BRENTWOOD,37027,82000,347400,429400,107350,2624.0
09012009500,USD ,20,6422 HENRY FORD DR,NASHVILLE,37209,91000,89000,180000,45000,1000.0
13005012600,USD ,34,208 PAGE RD,NASHVILLE,37205,375000,224400,599400,149850,2466.0
092160E14700CO,USD ,19,900 20TH AVE S 1409,NASHVILLE,37212,79200,397500,476700,119175,1014.0
10614008500,USD ,17,102 LYLE LN,NASHVILLE,37210,60000,98800,158800,39700,1127.0
16212000100,USD ,32,5304 HICKORY PARK DR,ANTIOCH,37013,33000,125500,158500,39625,1550.0
00800011500,GSD ,1,3617 BAXTER RD,JOELTON,37080,53100,178800,231900,57975,1735.0
108070A02700CO,GSD ,13,906 PATIO DR,NASHVILLE,37214,20000,78500,98500,24625,936.0
07115037700,USD ,5,1128 MERIDIAN ST,NASHVILLE,37207,100000,154400,254400,63600,1883.0
150160A04800CO,GSD ,33,2769 WINDCREST TRL,ANTIOCH,37013,39000,152400,191400,47850,2012.0
142060B20900CO,GSD ,22,810 BELLEVUE RD 209,NASHVILLE,37221,22000,91100,113100,28275,912.0
09708003500,GSD ,12,401 MONTEGO CV,HERMITAGE,37076,47000,187900,234900,58725,2271.0
09610014100,USD ,14,2922 EMERY DR,NASHVILLE,37214,33000,81900,114900,28725,792.0
104110A02700CO,USD ,18,2134 FAIRFAX AVE B-11,NASHVILLE,37212,27000,108100,135100,33775,552.0
117090C01700CO,USD ,25,409 CHARLESGATE CT,NASHVILLE,37215,134000,375100,509100,127275,2868.0
15609000500,GSD ,35,104 TEMPLE HOLLOW CIR,NASHVILLE,37221,80000,310300,390300,97575,3054.0
02609003300,GO  ,10,217 CIMA DR,GOODLETTSVILLE,37072,51800,132500,184300,46075,1866.0
01700014100,GSD ,3,5657 LICKTON PIKE,GOODLETTSVILLE,37072,76900,322800,399700,99925,2721.0
173050B03000CO,GSD ,31,1821 COTTAGE GROVE WAY,ANTIOCH,37013,42000,157200,199200,49800,1890.0
03312013100,GO  ,10,429 JANETTE AVE,GOODLETTSVILLE,37072,37500,99400,136900,34225,1453.0
116130D01700CO,USD ,23,229 CARGILE LN,NASHVILLE,37205,210000,434600,644600,161150,3445.0
02400008000,GSD ,10,695 DRY CREEK RD,GOODLETTSVILLE,37072,60100,72100,132200,33050,1828.0
141150D12200CO,GSD ,35,7436 SOMERSET PL,NASHVILLE,37221,68000,218600,286600,71650,2276.0
13613000700,USD ,29,556 RURAL HILL RD,NASHVILLE,37217,30000,147500,177500,44375,2132.0
122010A02800CO,GSD ,13,1944 DEEP WOODS TRL,NASHVILLE,37214,51000,176900,227900,56975,1952.0
05107001900,USD ,8,1010 GAINES DR,MADISON,37115,195800,87600,283400,70850,1820.0
164160A10500CO,USD ,33,1609 SOULSHINE PL,ANTIOCH,37013,30000,154900,184900,46225,1698.0
10312006400,USD ,24,200 CHEROKEE RD,NASHVILLE,37205,200000,201800,401800,100450,1262.0
08310046300,USD ,6,1811 MCEWEN AVE,NASHVILLE,37206,126000,380700,506700,126675,2452.0
091050S00100CO,USD ,20,618 A RIES AVE,NASHVILLE,37209,62000,0,62000,15500,2016.0
103150B11900CO,USD ,24,4487 POST PL 119,NASHVILLE,37205,49000,234600,283600,70900,1654.0
06105001100,USD ,8,509 LEMONT DR,NASHVILLE,37216,78200,175600,253800,63450,2497.12012
07307022900,USD ,15,2412 ROBBIE CT,NASHVILLE,37214,23500,71600,95100,23775,1020.0
10514014800,USD ,17,2207 LINDELL AVE,NASHVILLE,37204,220000,220500,440500,110125,1791.0
06111032300,USD ,8,920 A CURDWOOD BLVD,NASHVILLE,37216,85000,370900,455900,113975,2611.0700699999998
133140A03800CO,USD ,26,420 ELYSIAN FIELDS RD B-19,NASHVILLE,37211,25000,88000,113000,45200,936.0
07108001600,USD ,5,318 QUEEN AVE,NASHVILLE,37207,34000,78800,112800,28200,888.0
05302007200,GSD ,11,101 NEWPORT DR,OLD HICKORY,37138,32000,119900,151900,37975,1550.0
171020A11800CO,USD ,4,262 GLENSTONE CIR,BRENTWOOD,37027,48000,191300,239300,59825,1869.1500199999998
137040B05500CO,GSD ,33,2233 ARBOR POINTE WAY,HERMITAGE,37076,55000,75000,130000,32500,3036.0
05811020700,USD ,1,3841 LUNN DR,NASHVILLE,37218,31000,150400,181400,45350,1600.0
142040A15400CO,USD ,23,214 OLD HICKORY BLVD 154,NASHVILLE,37221,25000,105100,130100,32525,1116.0
173090A50300CO,GSD ,31,8718 GAUPHIN PL,NASHVILLE,37211,42000,214100,256100,64025,1832.0
08414020100,USD ,15,226 DELLROSE DR,NASHVILLE,37214,36000,191900,227900,56975,1857.0
126160A47000CO,GSD ,35,7123 RIVERFRONT DR,NASHVILLE,37221,54000,225400,279400,69850,2248.0
13600005000,USD ,29,222 BELL RD,NASHVILLE,37217,51000,127300,178300,44575,2136.0
108080D03800CO,GSD ,13,1403 QUAIL RUN,NASHVILLE,37214,20000,81300,101300,25325,1044.0
143020B01800CO,USD ,23,734 HARPETH TRACE DR,NASHVILLE,37221,44000,204200,248200,62050,1585.0
176050A03500CO,USD ,33,5428 HICKORY WOODS DR,ANTIOCH,37013,36000,158100,194100,48525,2264.0
134090B02900CO,USD ,26,4129 PARTNER WAY,NASHVILLE,37211,30500,120500,151000,37750,1244.0
186040A04700CO,GSD ,31,8117 MIDDLEWICK LN,NOLENSVILLE,37135,80000,391200,471200,117800,3814.0
05906004800,USD ,2,712 TROY DR,NASHVILLE,37207,29000,140600,169600,42400,2200.0
163020C03500CO,USD ,32,1382 RURAL HILL RD 173,ANTIOCH,37013,25000,96300,121300,30325,1248.0
08601000100,GSD ,14,6000 PANAMA DR,HERMITAGE,37076,30000,120400,150400,37600,1790.0
09112018100,USD ,24,4205 ALABAMA AVE,NASHVILLE,37209,96000,32500,128500,32125,489.0
08302028100,USD ,6,1104 MATTHEWS PL,NASHVILLE,37206,172500,54400,226900,56725,912.0
16514009100,USD ,33,4921 PEPPERTREE DR,ANTIOCH,37013,30000,85400,115400,28850,864.0
08008006900,USD ,1,3247 PANORAMA DR,NASHVILLE,37218,29000,51000,80000,20000,975.0
14910000700,USD ,32,5016 PEBBLE CREEK DR,ANTIOCH,37013,34000,136900,170900,42725,1806.0
05811020600,USD ,1,3837 LUNN DR,NASHVILLE,37218,30000,215700,245700,61425,2486.0
14814025000,USD ,30,4825 GILLESPIE DR,ANTIOCH,37013,24000,83300,107300,26825,988.0
11901015100,USD ,16,314 ROSE ST,NASHVILLE,37210,70000,0,70000,17500,1708.0
173110A10900CO,GSD ,31,2145 BLAKE DR,ANTIOCH,37013,42000,166300,208300,52075,1518.0
104130H00200CO,USD ,24,404 B BOWLING AVE,NASHVILLE,37205,141000,252600,393600,98400,2049.5
01100020300,GSD ,10,3358 FREEMAN HOLLOW RD,GOODLETTSVILLE,37072,36200,211200,247400,61850,2100.0
07116040500,USD ,5,1330 ROSEDALE AVE,NASHVILLE,37207,80000,153300,233300,58325,1927.0
07509016100,GSD ,14,217 BONNAVUE DR,HERMITAGE,37076,33000,103700,136700,34175,1325.0
11902023800,USD ,16,2206 SANDRA DR,NASHVILLE,37210,70000,85500,155500,38875,1025.0
155080C13700CO,GSD ,35,7125 FORREST OAKS DR,NASHVILLE,37221,60000,269400,329400,82350,2566.0
186040A02400CO,GSD ,31,8032 CANONBURY DR,NOLENSVILLE,37135,80000,231600,311600,77900,1988.0
11705016300,USD ,24,3603 HAMPTON AVE,NASHVILLE,37215,369000,642400,1011400,252850,3228.0
164080B02800CO,USD ,33,1056 LAKEWALK DR,ANTIOCH,37013,34000,175700,209700,52425,2004.0
096090A75600CO,USD ,14,756 KENT RD,NASHVILLE,37214,24000,92700,116700,29175,1224.0
164070A30700CO,GSD ,33,505 GRACEWOOD GRV,ANTIOCH,37013,45000,11900,56900,14225,2014.0
06404003700,GSD ,11,213 LAKE CV,OLD HICKORY,37138,20000,111200,131200,32800,890.0
04307012800,USD ,9,919 ANDERSON LN,MADISON,37115,16500,45500,62000,24800,743.0
10714002600,USD ,13,907 KIRBY AVE,NASHVILLE,37217,22500,101900,124400,31100,1813.0
11000000502,GSD ,12,5508 S NEW HOPE RD,HERMITAGE,37076,40000,127500,167500,41875,1684.0
15009012100,USD ,29,3008 KINWOOD DR,ANTIOCH,37013,26400,137200,163600,40900,2030.0
130080I00200CO,USD ,34,2128 HARDING PL,NASHVILLE,37215,90000,369800,459800,114950,2133.0
05914006200,USD ,2,735 MOORMANS ARM RD,NASHVILLE,37207,33500,81200,114700,28675,1260.0
05003009300,GSD ,3,1456 TEMPANY CT,NASHVILLE,37207,36000,98600,134600,33650,1062.0
097080A03900CO,GSD ,12,142 LAKE CHATEAU DR,HERMITAGE,37076,28000,107000,135000,33750,1478.0
16213004600,USD ,31,357 CEDARMONT DR,NASHVILLE,37211,38000,143900,181900,45475,1698.0
090110A14600CO,USD ,20,515 BASSWOOD AVE 146,NASHVILLE,37209,15000,56500,71500,17875,968.0
183050A00900CO,GSD ,33,3521 PINWHEEL DR,ANTIOCH,37013,46000,161000,207000,51750,2551.76001
103150B08700CO,USD ,24,4487 POST PL 87,NASHVILLE,37205,49000,192900,241900,60475,1424.0
155030D08300CO,GSD ,35,301 E GRIFFIN CT,NASHVILLE,37221,62000,250200,312200,78050,2520.0
042110A01800CO,USD ,8,1018 HERITAGE DR,MADISON,37115,24000,79500,103500,25875,1214.0
186040A48300CO,GSD ,31,416 MARLOWE CT,NOLENSVILLE,37135,80000,273100,353100,88275,2362.1499
093061J12700CO,CBID,19,415 CHURCH ST 1805,NASHVILLE,37219,60000,218300,278300,69575,718.0
14702018800,USD ,26,4757 MILNER DR,NASHVILLE,37211,63000,207500,270500,67625,1374.0
05003004900,GSD ,3,1357 BELLSHIRE TERRACE DR,NASHVILLE,37207,36000,107600,143600,35900,1080.0
084010D00100CO,USD ,6,2613 A AIRPARK DR,NASHVILLE,37206,88000,354800,442800,110700,2312.0
16011005100,USD ,4,5625 HEARTHSTONE LN,BRENTWOOD,37027,82000,314000,396000,99000,2577.0
034070A15100CO,GSD ,10,1917 NANCY BETH LN,MADISON,37115,63300,207700,271000,67750,1958.0
10401018000,USD ,24,138 40TH AVE N,NASHVILLE,37209,275000,633200,908200,227050,4546.55029
059150A14800CO,USD ,2,908 BORDEAUX PL,NASHVILLE,37207,52000,192100,244100,61025,2378.0
105013A00100CO,USD ,19,1410 A EDGEHILL AVE,NASHVILLE,37212,160000,119100,279100,69775,2617.0
062020A22900CO,USD ,15,2917 RIVERBEND DR,NASHVILLE,37214,33000,147600,180600,45150,1502.0999800000002
13413013400,USD ,26,4805 SUNLIGHT DR,NASHVILLE,37211,30500,100800,131300,32825,1289.0
11911000600,USD ,16,2627 MASHBURN RD,NASHVILLE,37210,36000,127800,163800,40950,1274.0
14402001000,FH  ,34,1109 CRATER HILL DR,NASHVILLE,37215,607500,599700,1207200,301800,4930.06006
16104001100,USD ,27,5012 HASTY DR,NASHVILLE,37211,60000,119200,179200,44800,1092.0
08008002500,USD ,1,1491 DOLAN RD,NASHVILLE,37218,28100,64200,92300,23075,1850.0
09605001900,USD ,15,254 CUMBERLAND CIR,NASHVILLE,37214,52800,167000,219800,54950,1892.5
13016000200,FH  ,34,4431 ALCOTT DR,NASHVILLE,37215,450000,116500,566500,141625,2795.0
105090R00100CO,USD ,17,1014 A W GROVE AVE,NASHVILLE,37203,208000,387800,595800,148950,2160.0
051140A00200CO,USD ,8,2205 GOLDEN OAK PL,MADISON,37115,42000,197500,239500,59875,2261.25
11608010500,USD ,25,3804 DARTMOUTH AVE,NASHVILLE,37215,340000,205600,545600,136400,2105.3999
142070C00300CO,GSD ,22,204 MYHR GRN,NASHVILLE,37221,38200,140600,178800,44700,1437.0
173090A48000CO,GSD ,31,8928 LYMAN LN,NASHVILLE,37211,58000,211700,269700,67425,1732.0
141050A10900CO,GSD ,35,660 WOLFEBORO LN,NASHVILLE,37221,72000,176200,248200,62050,2002.0
02516005400,GO  ,10,407 ALTA LOMA RD,GOODLETTSVILLE,37072,38000,154900,192900,48225,2178.0
14814031000,USD ,30,4865 GILLESPIE DR,ANTIOCH,37013,13000,57000,70000,28000,832.0
16514002900,USD ,33,4668 CHUTNEY DR,ANTIOCH,37013,30000,136100,166100,41525,1809.0
15007032600,USD ,33,3425 COUNTRY RIDGE DR,ANTIOCH,37013,32000,132100,164100,41025,1777.0
16207002100,USD ,30,75 BENZING RD,ANTIOCH,37013,28000,97200,125200,31300,1425.0
174010A03700CO,GSD ,32,5627 HICKORY PARK DR,ANTIOCH,37013,38000,144500,182500,45625,1480.0
09511000800,USD ,15,410 WANDA DR,NASHVILLE,37214,26000,229100,255100,63775,1300.0
093024A20300CO,CBID,19,178 2ND AVE N 203,NASHVILLE,37201,46000,206700,252700,63175,690.0
07513019200,GSD ,14,316 BONNACROFT DR,HERMITAGE,37076,33000,114300,147300,36825,1417.0
14616001700,USD ,26,503 HOGAN RD,NASHVILLE,37220,72000,327100,399100,99775,2185.0
162090A01900CO,USD ,27,5510 COUNTRY DR 19,NASHVILLE,37211,24000,74600,98600,24650,1480.0
05916002200,USD ,2,2512 WHITES CREEK PIKE,NASHVILLE,37207,30000,78900,108900,27225,1105.0
10416003800,USD ,18,2204 18TH AVE S,NASHVILLE,37212,280000,279400,559400,139850,1544.0
05413012500,GSD ,11,3229 B LAKESHORE DR,OLD HICKORY,37138,75500,313500,389000,97250,2909.25
09106007300,USD ,20,5901 MORROW RD,NASHVILLE,37209,138600,183400,322000,80500,1824.0
14708004000,USD ,30,4937 HOPEDALE DR,NASHVILLE,37211,35000,120100,155100,38775,1413.0
136050A13100CO,USD ,29,3312 TINNEY PL,NASHVILLE,37217,35000,175100,210100,52525,2002.0
122010A12100CO,GSD ,13,1857 WOODLAND POINTE DR,NASHVILLE,37214,51000,217700,268700,67175,2632.63989
05213004000,USD ,15,2638 MIAMI AVE,NASHVILLE,37214,32000,154100,186100,46525,1221.0
16400021300,USD ,32,5797 MT VIEW RD,ANTIOCH,37013,36500,315800,352300,88075,2242.0
12910005200,USD ,23,6611 ELLESMERE RD,NASHVILLE,37205,175000,268800,443800,110950,3097.0
14815014700,USD ,30,216 PANAMINT DR,ANTIOCH,37013,28000,79300,107300,26825,962.0
172130B01200CO,GSD ,4,6520 WINDYHILL CT,BRENTWOOD,37027,80000,393700,473700,118425,4333.5
090110A01200CO,USD ,20,515 BASSWOOD AVE 12,NASHVILLE,37209,15000,85600,100600,25150,1154.0
07301002900,USD ,7,2021 OLGA AVE,NASHVILLE,37216,87500,149200,236700,59175,943.0
09108009200,USD ,21,1017 42ND AVE N,NASHVILLE,37209,52000,151800,203800,50950,1582.0
12809004100,GSD ,22,7425 HALLOWS DR,NASHVILLE,37221,56000,204100,260100,65025,1956.0
07115010500,USD ,5,111 DOUGLAS AVE,NASHVILLE,37207,80000,173000,253000,63250,1185.0
09606006800,USD ,14,2815 HASTINGS RD,NASHVILLE,37214,31000,141700,172700,43175,1117.0
08110016200,USD ,21,2502 OSAGE ST,NASHVILLE,37208,55800,171600,227400,56850,1110.0
11911005600,USD ,16,2711 MASHBURN RD,NASHVILLE,37210,36000,105800,141800,35450,792.0
16900008400,GSD ,35,8332 HIGHWAY 100,NASHVILLE,37221,83300,230700,314000,78500,2514.0
06916020100,USD ,2,1906 MANCHESTER AVE,NASHVILLE,37218,30000,64400,94400,23600,1163.0
116030M31900CO,USD ,24,4120 RIDGEFIELD DR 319,NASHVILLE,37205,90000,361200,451200,112800,1291.0
092130A00200CO,USD ,24,223 37TH AVE N,NASHVILLE,37209,105000,127500,232500,58125,1188.0
08111013100,USD ,21,1625 21ST AVE N,NASHVILLE,37208,55800,42200,98000,24500,850.0
02508004000,GO  ,10,208 ROSEHILL DR,GOODLETTSVILLE,37072,45000,187400,232400,58100,2844.44995
16003008500,USD ,26,5330 ANCHORAGE DR,NASHVILLE,37220,79200,283200,362400,90600,2248.0
150160A10600CO,GSD ,33,3004 BEACHMIST WAY,ANTIOCH,37013,39000,187900,226900,56725,2445.25
160150D06800CO,USD ,4,307 SEVEN SPRINGS WAY 401,BRENTWOOD,37027,55000,264800,319800,79950,1461.0
163110C03800CO,USD ,32,502 UPSALL DR,ANTIOCH,37013,27000,90500,117500,29375,1603.5
07507028300,GSD ,12,209 RACHELS CT,HERMITAGE,37076,23000,92200,115200,28800,960.0
14808017800,USD ,28,4721 TERRAGON TRL,ANTIOCH,37013,22000,95300,117300,29325,2016.0
02402000100,GSD ,3,5020 BRICK CHURCH PIKE,GOODLETTSVILLE,37072,31200,471900,503100,125775,5042.0
16008010700,USD ,4,5420 HEATHER LN,BRENTWOOD,37027,92000,624800,716800,179200,5737.04004
05909017800,USD ,1,3231 KINGS LN,NASHVILLE,37218,30000,113600,143600,35900,1386.0
10804014900,GSD ,13,921 NORWALK DR,NASHVILLE,37214,41000,168000,209000,52250,1516.0
135120E27100CO,USD ,29,2708 NASHBORO BLVD,NASHVILLE,37217,30000,155900,185900,46475,2030.0
09510003600,USD ,15,528 BISMARK DR,NASHVILLE,37210,46800,113700,160500,40125,1158.0
103150B06700CO,USD ,24,4487 POST PL 67,NASHVILLE,37205,49000,190600,239600,59900,1424.0
05303018100,GSD ,11,806 FOURTEENTH ST,OLD HICKORY,37138,28000,123400,151400,37850,1207.0
034030B30300CO,GSD ,10,303 CHURCHILL XING,MADISON,37115,20000,78500,98500,24625,1203.0
10510005300,USD ,17,762 E ARGYLE AVE,NASHVILLE,37203,180000,138000,318000,79500,1684.0
142160A12700CO,GSD ,35,1617 NOTTINGHAM PL,NASHVILLE,37221,81700,390500,472200,118050,3122.0
14515000200,GSD ,34,5304 CAMELOT CT,BRENTWOOD,37027,255000,247500,502500,125625,4268.0
126150A07600CO,GSD ,35,7928 BOONE TRCE,NASHVILLE,37221,62000,154200,216200,54050,1515.0
13610007000,USD ,29,320 CLEARLAKE DR W,NASHVILLE,37217,38000,160100,198100,49525,1905.0
14604013300,USD ,26,435 WAUFORD DR,NASHVILLE,37211,69300,258100,327400,81850,1923.75
08306031200,USD ,6,1508 STRATTON AVE,NASHVILLE,37206,187000,193700,380700,95175,2533.5
142160D02700CO,GSD ,34,2512 DEVON VALLEY DR,NASHVILLE,37221,63000,249000,312000,78000,2169.0
136030A08700CO,USD ,29,3880 PRIEST LAKE DR 3,NASHVILLE,37217,17000,65500,82500,20625,1218.0
08314037000,USD ,6,1708 LILLIAN ST,NASHVILLE,37206,180000,561700,741700,185425,2979.5
158040A11800CO,FH  ,34,17 WYNSTONE,NASHVILLE,37215,260000,523700,783700,195925,5454.0
10203005400,USD ,20,508 CONTINENTAL DR,NASHVILLE,37209,91000,126600,217600,54400,1750.0
093130C31800CO,GBID,19,600 12TH AVE S 1615,NASHVILLE,37203,108400,629000,737400,184350,1298.0
05208004600,GSD ,9,565 PUEBLO DR,MADISON,37115,32000,156600,188600,47150,2218.0
126150A21400CO,GSD ,35,8301 TRADING POST CT,NASHVILLE,37221,62000,189200,251200,62800,1902.0
162050C02000CO,USD ,27,5515 COUNTRY DR 20,NASHVILLE,37211,22000,61900,83900,20975,1044.0
096090A70100CO,USD ,14,701 KENT RD,NASHVILLE,37214,24000,102100,126100,31525,1280.0
15602019300,GSD ,35,904 HARPETH BEND DR,NASHVILLE,37221,54000,174800,228800,57200,1222.0
155080C14900CO,GSD ,35,1121 DEERHURST CT,NASHVILLE,37221,60000,241000,301000,75250,2407.0
09313026500,USD ,19,1217 SIGLER ST,NASHVILLE,37203,220000,262100,482100,120525,1322.0
08301011700,USD ,5,932 SHARPE AVE,NASHVILLE,37206,85200,158500,243700,60925,1152.0
161100A03200CO,USD ,27,5372 VILLAGE WAY,NASHVILLE,37211,45000,171300,216300,54075,1572.0
072113L00100CO,USD ,7,1415 A OTAY ST,NASHVILLE,37216,105000,0,105000,26250,2172.0
141050A13100CO,GSD ,35,929 FAIRDALE CT,NASHVILLE,37221,72000,0,72000,18000,2865.0
14702020100,USD ,26,4837 SHEFFIELD DR,NASHVILLE,37211,27000,115600,142600,57040,1054.0
05103009800,USD ,8,700 BARBARA DR,MADISON,37115,30000,125300,155300,38825,1500.0
05316012500,GSD ,11,125 RIFLE RANGE RD,OLD HICKORY,37138,36500,58100,94600,23650,814.0
137040B03900CO,GSD ,33,2529 ARBOR POINTE CV,HERMITAGE,37076,55000,393200,448200,112050,3752.0
05014017300,USD ,3,3216 LESWOOD LN,NASHVILLE,37207,33000,74800,107800,26950,1450.0
136030C08900CO,USD ,29,3724 COLONIAL HERITAGE DR,NASHVILLE,37217,22000,79300,101300,25325,1247.0
162010C10000CO,USD ,30,477 HICKORY GLADE DR,ANTIOCH,37013,24000,88500,112500,28125,950.0
08115024300,USD ,21,1600 UNDERWOOD ST,NASHVILLE,37208,55800,21800,77600,19400,896.0
16412000100,USD ,33,1000 PIN OAK DR,ANTIOCH,37013,30000,150200,180200,45050,1679.0
08612006200,GSD ,12,4120 WOODWAY LN,HERMITAGE,37076,24000,105400,129400,32350,1439.0
172130A12100CO,GSD ,4,409 WATERTON CT,BRENTWOOD,37027,78000,321100,399100,99775,2934.0
07511026100,GSD ,12,4318 BATON ROUGE DR,HERMITAGE,37076,23000,93900,116900,29225,941.0
15011013900,USD ,33,3345 TOWNESHIP RD,ANTIOCH,37013,32000,135000,167000,41750,1837.0
12908003800,USD ,23,1021 EDWIN WARNER DR,NASHVILLE,37205,85000,241200,326200,81550,2479.3999
14416002800,FH  ,34,5899 WILLSHIRE DR,NASHVILLE,37215,359100,1223700,1582800,395700,5751.0
08207008200,USD ,5,803 STOCKELL ST,NASHVILLE,37207,100000,60100,160100,40025,900.0
13314009300,USD ,26,4804 LYNN DR,NASHVILLE,37211,54000,236300,290300,72575,1242.0
04107000700,GSD ,3,3982 LAWING DR,NASHVILLE,37207,45000,196400,241400,60350,1884.0
173050A12400CO,USD ,31,1916 SHAYLIN LOOP,ANTIOCH,37013,30000,123600,153600,38400,1348.0
161110A15000CO,USD ,27,301 HUNTINGTON RIDGE DR,NASHVILLE,37211,31000,111900,142900,35725,1346.0
13110000200,FH  ,34,1553 HARDING PL,NASHVILLE,37215,371300,222100,593400,148350,3502.07007
087050A04700CO,GSD ,12,5951 COLCHESTER DR,HERMITAGE,37076,36000,110900,146900,36725,1052.0
141050A06200CO,GSD ,35,728 WOLFEBORO LN,NASHVILLE,37221,72000,217400,289400,72350,2667.0
08411018700,USD ,15,2325 MODENA DR,NASHVILLE,37214,37000,139000,176000,44000,1492.0
06902000200,USD ,1,3909 DRAKES BRANCH RD,NASHVILLE,37218,31000,103200,134200,33550,1779.0
092160B08800CO,USD ,19,900 19TH AVE S 809,NASHVILLE,37212,29000,97900,126900,31725,550.0
07105025800,USD ,2,1722 EDGEWOOD AVE,NASHVILLE,37207,55300,86300,141600,35400,1152.0
04211004200,USD ,8,105 DIANE CT,MADISON,37115,85000,157600,242600,60650,2987.0
08406000100,USD ,15,124 TWO RIVERS CT,NASHVILLE,37214,81000,352800,433800,108450,3004.0
11503010800,USD ,23,743 GEORGETOWN DR,NASHVILLE,37205,180000,383500,563500,140875,2722.0
04208018300,USD ,8,344 NESBITT LN,MADISON,37115,41000,153400,194400,48600,1329.0
117110E00500CO,USD ,25,3517 STOKESMONT RD,NASHVILLE,37215,256000,344400,600400,150100,3286.5
03414003600,GSD ,10,103 DINWIDDIE CT,MADISON,37115,29700,86800,116500,29125,1900.0
082090P10600CO,USD ,19,500 MADISON ST 106,NASHVILLE,37208,58000,233900,291900,72975,920.0
151090B01000CO,GSD ,33,5201 SUNSAIL DR,ANTIOCH,37013,35000,139400,174400,43600,1664.0
160160C05900CO,USD ,4,456 OLD TOWNE DR,BRENTWOOD,37027,50000,217200,267200,66800,1672.0
058090A20500CO,GSD ,1,2544 JORDAN RIDGE DR,NASHVILLE,37218,47000,185200,232200,58050,2183.54004
08111018700,USD ,21,1636 DR D B TODD JR BLVD,NASHVILLE,37208,55800,65600,121400,30350,1231.0
091020K00100CO,USD ,20,6112 A LOUISIANA AVE,NASHVILLE,37209,124000,154300,278300,69575,1191.0
15007030300,USD ,29,3240 B ANDERSON RD,ANTIOCH,37013,18500,82400,100900,25225,1189.0
086060A53100CO,GSD ,14,531 CHANDLER PL,HERMITAGE,37076,24000,78000,102000,25500,1162.0
105050B00200CO,USD ,17,1709 14TH AVE S,NASHVILLE,37212,136000,394100,530100,132525,2578.5
07203027800,USD ,7,1120 GREENFIELD AVE,NASHVILLE,37216,125000,216800,341800,85450,2034.0
09606019700,USD ,14,2923 IRONWOOD DR,NASHVILLE,37214,31000,98800,129800,32450,840.0
104060N30200CO,USD ,18,302 ROSE HALL,NASHVILLE,37212,55000,215900,270900,67725,1250.0
141060C10700CO,GSD ,22,4113 KINLEY CT,NASHVILLE,37221,55000,222200,277200,69300,1899.0
05914014600,USD ,2,3839 CROUCH DR,NASHVILLE,37207,29000,68000,97000,24250,1105.0
117130B06100CO,USD ,34,121 ABBOTTSFORD,NASHVILLE,37215,200000,350900,550900,137725,3544.0
15005001100,USD ,29,2928 KINWOOD DR,ANTIOCH,37013,26400,102200,128600,32150,1260.0
042070A14400CO,USD ,8,1332 PILGRIM DR,MADISON,37115,25000,115600,140600,35150,1162.0
06116029300,USD ,7,1320 ARDEE AVE,NASHVILLE,37216,105000,60800,165800,41450,1202.93994
172140B14500CO,GSD ,4,4713 STERLING CROSS,NASHVILLE,37211,79000,290400,369400,92350,2824.0
01500014700,GSD ,1,2662 UNION HILL RD,JOELTON,37080,46200,186100,232300,58075,1372.0
062020B20400CO,USD ,15,4616 CATHER CT,NASHVILLE,37214,45000,200800,245800,61450,2345.0
10308001600,USD ,24,4010 MURPHY RD,NASHVILLE,37209,250000,168500,418500,104625,1563.0
162160D08400CO,USD ,32,609 VANNA CT,ANTIOCH,37013,41000,147000,188000,47000,1606.0
08203040400,USD ,5,326 VAUGHN ST,NASHVILLE,37207,100000,115000,215000,53750,2046.0
13011001700,BM  ,23,908 WESTVIEW AVE,NASHVILLE,37205,567000,557200,1124200,281050,4014.0
104090K30300CO,USD ,24,3818 WEST END AVE 303,NASHVILLE,37205,52000,291200,343200,85800,1872.0
10401019500,USD ,24,149 39TH AVE N,NASHVILLE,37209,250000,459600,709600,177400,2774.0
09113009000,USD ,20,525 EASTBORO DR,NASHVILLE,37209,83000,80700,163700,40925,1000.0
094160E03600CO,USD ,15,748 SPENCE ENCLAVE LN,NASHVILLE,37210,35000,154600,189600,47400,1756.0
163110A00400CO,USD ,32,203 HICKORY FORGE DR,ANTIOCH,37013,21000,75400,96400,24100,1162.0
05003008500,GSD ,3,1257 TUCKAHOE DR,NASHVILLE,37207,36000,128100,164100,41025,1199.0
136050A03400CO,USD ,29,2945 HARBOR LIGHTS DR,NASHVILLE,37217,35000,135200,170200,42550,1454.0
09202006000,USD ,21,2613 SCOVEL ST,NASHVILLE,37208,62000,30200,92200,23050,1187.0
142050B02400CO,GSD ,22,8300 SAWYER BROWN RD D-308,NASHVILLE,37221,30000,165600,195600,48900,1585.0
05914024600,USD ,2,3837 BUENA VISTA PIKE,NASHVILLE,37218,44000,90500,134500,33625,1274.0
04208001400,USD ,8,401 NESBITT LN,MADISON,37115,85000,176100,261100,65275,3732.30005
117150A15200CO,USD ,25,1900 RICHARD JONES RD O-4,NASHVILLE,37215,39000,195200,234200,58550,1265.0
10416024000,USD ,18,1901 BEECHWOOD AVE,NASHVILLE,37212,300000,175900,475900,118975,1134.0
136130A02600CO,USD ,29,1201 WAVERUNNER CT W,NASHVILLE,37217,40000,141700,181700,45425,1261.0
09206059600,USD ,21,724 26TH AVE N,NASHVILLE,37208,62500,34600,97100,24275,1304.0
13414002300,USD ,28,319 JOSAM DR,NASHVILLE,37211,28500,113900,142400,35600,1378.0
05911010500,USD ,2,3856 CRAVATH DR,NASHVILLE,37207,28100,68300,96400,24100,1315.0
15010025800,USD ,33,3040 STONE BRIDGE RD,ANTIOCH,37013,32000,169900,201900,50475,1778.0
05004002300,USD ,8,1113 DUE WEST AVE N,MADISON,37115,26000,43900,69900,17475,1473.0
110030A11400CO,GSD ,12,4604 HESSEY RD,MOUNT JULIET,37122,61000,265400,326400,81600,2657.8999
082160B10500CO,USD ,6,935 RUSSELL ST 105,NASHVILLE,37206,51000,229800,280800,70200,1498.77002
14909021300,USD ,28,4724 MINERS CV,ANTIOCH,37013,22000,77700,99700,24925,1038.0
091023E00200CO,USD ,20,6209 B PENNSYLVANIA AVE,NASHVILLE,37209,124000,266200,390200,97550,2356.0
17301014200,USD ,31,617 CEDARMONT DR,ANTIOCH,37013,38000,137600,175600,43900,1732.0
13102019400,USD ,25,4201 HOOD AVE,NASHVILLE,37215,260000,255700,515700,128925,2464.0
075150A16200CO,GSD ,12,162 STONERS GLEN DR,HERMITAGE,37076,51000,189000,240000,60000,2174.0
134090B06800CO,USD ,26,3532 PARAGON DR,NASHVILLE,37211,30500,121800,152300,38075,1244.0
07115021400,USD ,5,1309 C STAINBACK AVE,NASHVILLE,37207,68000,163300,231300,57825,1351.0
10705009000,USD ,13,1957 DABBS AVE,NASHVILLE,37217,21500,143300,164800,41200,1968.0
043100B09400CO,USD ,9,555 N DUPONT AVE 94,MADISON,37115,9000,45700,54700,21880,1110.0
16012016900,USD ,4,708 HEATHER SPG,BRENTWOOD,37027,92000,518800,610800,152700,4503.71973
08713010500,GSD ,12,4507 BROOKE VALLEY DR,HERMITAGE,37076,20000,50000,70000,17500,992.0
08610003500,GSD ,14,3569 ALBEE DR,HERMITAGE,37076,25000,98900,123900,30975,1225.0
02603001600,GO  ,10,311 CHISWICK CT,GOODLETTSVILLE,37072,40000,185800,225800,56450,2551.80005
05101006400,USD ,8,805 DUE WEST AVE N,MADISON,37115,26000,70700,96700,24175,1062.0
105160C05800CO,USD ,17,414 ROSEDALE AVE #210,NASHVILLE,37211,30000,175000,205000,51250,901.0
091100F00200CO,USD ,20,518 B SNYDER AVE,NASHVILLE,37209,83000,0,83000,20750,0.0
155080C26700CO,GSD ,35,6741 AUTUMNWOOD DR,NASHVILLE,37221,60000,292800,352800,88200,3267.71997
08112040800,USD ,19,1411 9TH AVE N,NASHVILLE,37208,185000,14700,199700,49925,850.0
10407055400,USD ,18,2601 B BLAKEMORE AVE,NASHVILLE,37212,52000,233400,285400,71350,1320.0
091060L02000CO,USD ,20,1030 TREATY OAKS DR,NASHVILLE,37209,60000,0,60000,15000,0.0
131031P00200CO,USD ,25,1908 KIMBARK DR,NASHVILLE,37215,192000,446800,638800,159700,2795.0
14904015300,USD ,29,2575 WILLOWBRANCH DR,NASHVILLE,37217,35000,161400,196400,49100,2621.1499
05309010300,GSD ,9,1416 APACHE LN,MADISON,37115,28500,151600,180100,45025,1409.0
158040A04400CO,FH  ,34,7 BRECKENRIDGE,NASHVILLE,37215,392200,554900,947100,236775,5988.5498
172150A08900CO,GSD ,4,217 HOLT HILLS RD,NASHVILLE,37211,51000,174800,225800,56450,1840.0
10408038400,USD ,17,1403 VILLA PL,NASHVILLE,37212,170000,194100,364100,91025,1560.0
053060B00100CO,GSD ,11,2221 RIVERWAY DR,OLD HICKORY,37138,33000,147500,180500,45125,1667.0
108120B05300CO,GSD ,13,2113 N ASHFORD,NASHVILLE,37214,48000,201600,249600,62400,2403.0
128030A00200CO,GSD ,22,405 CEDAR FOREST DR,NASHVILLE,37221,70000,177700,247700,61925,2233.8374
08110017200,USD ,21,1738 25TH AVE N,NASHVILLE,37208,55800,153700,209500,52375,1139.0
06409022600,GSD ,11,4209 BRACKENWOOD DR,OLD HICKORY,37138,34000,167300,201300,50325,1907.0
181010A20300CO,GSD ,31,7244 SUGARLOAF DR,NASHVILLE,37211,55000,255600,310600,77650,3125.0
085140A00900CO,USD ,14,525 RIVERCREST CV,NASHVILLE,37214,58000,265600,323600,80900,2975.0
161050A03500CO,USD ,27,811 ASHLAWN PL,NASHVILLE,37211,25000,101400,126400,31600,918.0
103160B07700CO,USD ,24,4215 HARDING PIKE 706,NASHVILLE,37205,60000,304400,364400,91100,1837.0
105140C30900CO,USD ,17,2310 ELLIOTT AVE 309,NASHVILLE,37204,62000,188500,250500,62625,1152.0
07104007900,USD ,8,2609 JONES AVE,NASHVILLE,37207,52000,66200,118200,29550,1232.0
01807013700,GO  ,10,105 MYSTIC HILL CT,GOODLETTSVILLE,37072,45000,148100,193100,48275,1918.4399399999998
14814010700,USD ,30,3988 KEELEY DR,NASHVILLE,37211,34000,124100,158100,39525,1794.0
117100B00700CO,USD ,25,2411 CRESTMOOR RD 104,NASHVILLE,37215,150000,420800,570800,142700,1715.0
10509022200,USD ,17,2016 12TH AVE S,NASHVILLE,37204,208000,450600,658600,164650,1984.0
142050A03100CO,GSD ,22,106 PLANTATION CT,NASHVILLE,37221,39000,151600,190600,47650,1716.0
172080B10100CO,USD ,4,1509 CELEBRATION WAY,NASHVILLE,37211,49500,213800,263300,65825,2303.0
171080C02900CO,USD ,4,5700 PORTSMOUTH PL,BRENTWOOD,37027,86000,345000,431000,107750,3180.0
07115028200,USD ,5,1210 JOSEPH AVE,NASHVILLE,37207,100000,182600,282600,70650,1361.0
15010004000,USD ,33,204 FIELDSTONE CT,ANTIOCH,37013,26400,143400,169800,42450,1958.0
10812030600,GSD ,13,3316 QUAIL VIEW DR,NASHVILLE,37214,25200,131300,156500,39125,1496.0
176050A09600CO,USD ,33,6321 WILDGROVE DR,ANTIOCH,37013,36000,129500,165500,41375,1564.5
07201008600,USD ,8,2540 SLAYDON DR,NASHVILLE,37207,34000,104300,138300,34575,993.0
126160A23900CO,GSD ,35,7085 BRIDGEPORT DR,NASHVILLE,37221,54000,166300,220300,55075,2120.14502
182010A03200CO,GSD ,31,124 SUNDOWN DR,ANTIOCH,37013,47000,202800,249800,62450,2108.0
071110B00200CO,USD ,5,1516 MERIDIAN ST,NASHVILLE,37207,72000,253100,325100,81275,2199.0
149150A08900CO,USD ,32,2601 WELSHCREST DR,ANTIOCH,37013,38000,213700,251700,62925,3894.0
08411012700,USD ,15,2321 DENNYWOOD DR,NASHVILLE,37214,37000,135300,172300,43075,1283.0
128120A04400CO,USD ,23,320 OLD HICKORY BLVD 800,NASHVILLE,37221,52000,219700,271700,67925,2294.23999
081120B10500CO,USD ,19,1400 ROSA L PARKS BLVD 105,NASHVILLE,37208,45000,422700,467700,116925,1696.0
10211007900,USD ,23,832 W HILLWOOD DR,NASHVILLE,37205,140000,198700,338700,84675,2176.0
131122A00400CO,USD ,25,305 GALLOWAY DR,NASHVILLE,37204,144000,0,144000,36000,4931.0
172140B03500CO,GSD ,4,4528 WINFIELD DR,NASHVILLE,37211,79000,346200,425200,106300,3477.0
09401046100,USD ,6,1500 ELECTRIC AVE,NASHVILLE,37206,140000,107600,247600,61900,882.0
104023F00100CO,USD ,21,3209 WEST END CIR 1,NASHVILLE,37203,32000,127500,159500,63800,828.0
172120D33200CO,GSD ,31,7221 ALTHORP WAY 10,NASHVILLE,37211,32000,120400,152400,38100,988.0
161010B08200CO,USD ,26,925 DUNDONNELL PL,NASHVILLE,37220,86000,331200,417200,104300,2606.0
171020A10100CO,USD ,4,211 GLENSTONE CIR,BRENTWOOD,37027,48000,196100,244100,61025,1688.5400399999999
06114009700,USD ,8,3812 HILLTOP AVE,NASHVILLE,37216,97800,112000,209800,52450,1258.0
01815000900,GO  ,10,522 MONCRIEF AVE,GOODLETTSVILLE,37072,52300,142300,194600,48650,1569.0
143030B03600CO,USD ,23,6921 HIGHLAND PARK DR,NASHVILLE,37205,35000,135700,170700,42675,1916.0
10312016400,USD ,24,204 MOCKINGBIRD RD,NASHVILLE,37205,242000,523400,765400,191350,4293.0
09011000900,USD ,20,637 RIVER ROUGE DR,NASHVILLE,37209,100800,182100,282900,70725,2313.0
133040A00800CO,USD ,16,505 TWIN OAKS CIR,NASHVILLE,37211,53000,221400,274400,68600,1914.0
08602010500,GSD ,14,7020 PANAMA DR,HERMITAGE,37076,30000,99800,129800,32450,1440.0
11910021500,USD ,16,250 COLLIER AVE,NASHVILLE,37211,43000,118800,161800,40450,1237.0
087050A11200CO,GSD ,12,5616 ROYAL CT,HERMITAGE,37076,36000,131200,167200,41800,1320.0
14200035800,GSD ,22,336 BELLEVUE RD,NASHVILLE,37221,69000,126000,195000,48750,1581.0
10614000300,USD ,17,1973 GATLIN DR,NASHVILLE,37210,60000,73000,133000,33250,918.0
08607003800,GSD ,12,1028 JACKSONS VALLEY RD,HERMITAGE,37076,34000,91700,125700,31425,1066.0
122010A14900CO,GSD ,13,2037 BRANCH OAK TRL,NASHVILLE,37214,51000,215100,266100,66525,2527.0
16103010600,USD ,27,521 MCMURRAY DR,NASHVILLE,37211,25000,151400,176400,44100,1161.0
13009014900,BM  ,23,1206 NICHOL LN,NASHVILLE,37205,729000,17400,746400,186600,2670.0
09508021700,USD ,15,2628 HABERSHAM AVE,NASHVILLE,37214,44000,201300,245300,61325,1524.0
087010A11900CO,GSD ,12,3717 CRESTON CT,HERMITAGE,37076,36000,132500,168500,42125,1356.0
164020A20400CO,USD ,33,1820 CLAYCREEK PT,ANTIOCH,37013,30000,123500,153500,38375,1515.25
13002016700,BM  ,23,4411 IROQUOIS AVE,NASHVILLE,37205,594000,100900,694900,173725,1875.0
04415024400,GSD ,11,1012 BERRY ST,OLD HICKORY,37138,27000,109800,136800,34200,851.0
117110B04200CO,USD ,25,3600 HILLSBORO PIKE C-10,NASHVILLE,37215,25000,114000,139000,55600,600.0
104024B31800CO,USD ,21,3000 VANDERBILT PL 318,NASHVILLE,37212,50000,277200,327200,81800,1024.0
11905017400,USD ,16,319 ELBERTA ST,NASHVILLE,37210,84000,162600,246600,61650,2595.69995
16106020700,USD ,27,707 TOBYLYNN DR,NASHVILLE,37211,60000,230200,290200,72550,2059.0
135160A05700CO,USD ,29,2602 RAVINE DR,NASHVILLE,37217,38000,159800,197800,49450,2697.0
09511016900,USD ,15,2403 MERRY OAKS DR,NASHVILLE,37214,42000,134900,176900,44225,1450.0
09510006800,USD ,15,518 WANDA DR,NASHVILLE,37210,39000,190000,229000,57250,1995.0
13106004700,USD ,25,2007 CASTLEMAN DR,NASHVILLE,37215,299000,574700,873700,218425,3081.69995
05916023900,USD ,2,517 PAPPUS CT,NASHVILLE,37207,25000,46900,71900,17975,1100.0
16106010600,USD ,27,5112 WHITAKER DR,NASHVILLE,37211,60000,152700,212700,53175,1650.0
141050A30100CO,GSD ,35,641 WOLFEBORO LN,NASHVILLE,37221,72000,178000,250000,62500,1884.0
118020C02200CO,BH  ,17,801 INVERNESS AVE B2,NASHVILLE,37204,30000,103250,133250,53300,650.0
076010C05400CO,USD ,11,1506 BOLIVIA DR,NASHVILLE,37076,33000,55200,88200,22050,1503.0
173100A04100CO,GSD ,31,3021 BARNES BEND DR,ANTIOCH,37013,53500,226500,280000,70000,2958.30005
107090A04100CO,USD ,13,1081 HAROLD DR,NASHVILLE,37217,10000,43700,53700,21480,930.0
10812012200,GSD ,13,1201 REELFOOT CIR,NASHVILLE,37214,34500,141100,175600,43900,1677.0
164100A40800CO,USD ,32,4513 SANDPIPER LN,ANTIOCH,37013,31000,269600,300600,75150,2798.0
109050B80600CO,GSD ,14,3535 BELL RD 806,NASHVILLE,37214,26000,107100,133100,33275,1112.0
02516005100,GO  ,10,401 ALTA LOMA RD,GOODLETTSVILLE,37072,38000,140800,178800,44700,1704.0
04313012700,USD ,9,205 FOREST PARK RD,MADISON,37115,20000,87000,107000,26750,844.0
126150A25600CO,GSD ,35,913 CANYON CT,NASHVILLE,37221,62000,187800,249800,62450,1663.0
173090A19700CO,GSD ,31,7839 HEATON WAY,NASHVILLE,37211,42000,210500,252500,63125,2374.0
043020A14000CO,USD ,9,140 CEDARWOOD LN,MADISON,37115,17000,72700,89700,22425,1356.0
10509006100,USD ,18,1415 ACKLEN AVE,NASHVILLE,37212,280000,216000,496000,124000,1441.0
103160A03900CO,USD ,24,3901 WEST END AVE 1007,NASHVILLE,37205,72000,288900,360900,90225,1774.0
04111002100,GSD ,3,4028 SUSSEX DR,NASHVILLE,37207,45000,156300,201300,50325,1741.0
06408001900,GSD ,11,4754 KENNYSAW DR,OLD HICKORY,37138,35000,132300,167300,41825,1710.0
17202004200,USD ,4,6009 WOODLAND HILLS DR,NASHVILLE,37211,75800,468200,544000,136000,4078.0
142040A05400CO,USD ,23,210 OLD HICKORY BLVD 54,NASHVILLE,37221,25000,105100,130100,32525,1116.0
149150A05900CO,USD ,32,2348 EDENCREST DR,ANTIOCH,37013,38000,172900,210900,52725,1978.0
049160A02400CO,GSD ,3,727 WILLOW TRACE DR,WHITES CREEK,37189,20000,108400,128400,32100,1370.45996
164060B08400CO,GSD ,33,528 BRADBURN VILLAGE CIR,ANTIOCH,37013,25000,99400,124400,31100,1234.0
156010B03900CO,GSD ,35,7813 HARPETH VIEW DR,NASHVILLE,37221,70000,247200,317200,79300,2866.3100600000002
08012004600,USD ,1,1482 SNELL BLVD,NASHVILLE,37218,29000,56600,85600,21400,1050.0
073160A21400CO,USD ,15,214 CUMBERLAND TRCE,NASHVILLE,37214,30000,123600,153600,38400,1404.0
171040C04800CO,USD ,4,905 CATLOW CT,BRENTWOOD,37027,65000,255600,320600,80150,1966.5
08310028200,USD ,6,1900 FORREST AVE,NASHVILLE,37206,672500,99900,772400,193100,3456.1599100000003
042120B03800CO,USD ,8,2012 WILLIAMS VALLEY DR,MADISON,37115,25500,111400,136900,34225,1086.0
05305003800,GSD ,9,1257 CHEYENNE BLVD,MADISON,37115,32000,157300,189300,47325,2065.8400899999997
142050C03800CO,GSD ,22,1020 TODD PREIS DR,NASHVILLE,37221,41000,115700,156700,39175,1152.0
05413004700,GSD ,11,3828 OLD HICKORY BLVD,OLD HICKORY,37138,44400,95800,140200,35050,1028.0
09401034100,USD ,6,902 VILLAGE CT,NASHVILLE,37206,140000,90900,230900,57725,888.0
086110A07900CO,GSD ,12,220 RAINTREE DR,HERMITAGE,37076,23000,86600,109600,27400,1489.0
105130G00100CO,USD ,17,2111 A 10TH AVE S,NASHVILLE,37204,166400,361400,527800,131950,2646.0
06001016500,USD ,3,3144 EWINGDALE DR,NASHVILLE,37207,14500,86200,100700,25175,1060.0
14714003400,USD ,27,608 WATSONWOOD DR,NASHVILLE,37211,66000,222700,288700,72175,2241.0
11901027700,USD ,16,333 ROSE ST,NASHVILLE,37210,53900,41300,95200,23800,842.0
06413003400,GSD ,11,4311 WOODS ST,OLD HICKORY,37138,34000,0,34000,8500,0.0
15609000800,GSD ,35,5725 TEMPLEGATE DR,NASHVILLE,37221,80000,261200,341200,85300,2718.26001
13209012800,OH  ,34,911 BATTERY LN,NASHVILLE,37220,303300,191900,495200,123800,2756.0
149030A01700CO,USD ,28,3229 CLAPHAM RD,ANTIOCH,37013,33000,133700,166700,41675,1671.0
11300008900,GSD ,35,7865 OLD CHARLOTTE PIKE,NASHVILLE,37209,71400,311600,383000,95750,2954.0
181020B02700CO,GSD ,31,8906 SUNNYFIELD WAY,NASHVILLE,37211,39000,170600,209600,52400,1280.0
07007008400,USD ,2,921 YOUNGS LN,NASHVILLE,37207,44000,67600,111600,27900,806.0
165050A04100CO,USD ,33,424 SHORELINE CIR,ANTIOCH,37013,27500,60600,88100,22025,1612.0
06116021500,USD ,7,1342 MCALPINE AVE,NASHVILLE,37216,115000,57000,172000,43000,912.0
043100C04400CO,USD ,9,264 JENNA LEE CIR,MADISON,37115,24000,89300,113300,28325,1202.0
07105007800,USD ,2,1913 BAPTIST WORLD CENTER DR,NASHVILLE,37207,57200,122200,179400,44850,1280.0
13106001400,USD ,25,2020 CASTLEMAN DR,NASHVILLE,37215,260000,280600,540600,135150,2207.04004
15003028300,USD ,33,3924 HILLSHIRE DR,ANTIOCH,37013,40000,171000,211000,52750,2025.0
13312003100,USD ,26,434 BENITA DR,NASHVILLE,37211,30500,132000,162500,40625,1683.0
15901000900,FH  ,34,1949 EDENBRIDGE WAY,NASHVILLE,37215,180000,561700,741700,185425,6658.6201200000005
15009012200,USD ,29,3012 KINWOOD DR,ANTIOCH,37013,26400,123600,150000,37500,1674.0
13201001500,USD ,25,4112 ROCKDALE AVE,NASHVILLE,37204,176000,235200,411200,102800,1937.0
08204001600,USD ,5,1114 N 6TH ST,NASHVILLE,37207,115000,130200,245200,61300,1575.0
104020U00700CO,USD ,21,397 OMAN ST,NASHVILLE,37203,60000,249100,309100,77275,1224.0
14706001100,USD ,26,219 GARRETT DR,NASHVILLE,37211,63000,234000,297000,74250,1464.0
05905007200,USD ,1,4146 AMES CT,NASHVILLE,37218,29000,54000,83000,20750,1050.0
02900038000,GSD ,1,3514 ST LAWRENCE DR,JOELTON,37080,37700,75300,113000,28250,1512.0
03213009700,GSD ,3,4356 SUMMERTIME DR,NASHVILLE,37207,35000,95900,130900,32725,1056.0
109010B08300CO,GSD ,14,3358 LINCOYA CREEK DR,NASHVILLE,37214,27000,103100,130100,52040,1106.0
13615008100,USD ,33,3557 GONDOLA DR,ANTIOCH,37013,22000,83600,105600,26400,1152.0
11905029800,USD ,16,212 JOYNER AVE,NASHVILLE,37210,70000,71300,141300,35325,1466.0
135140A16200CO,USD ,28,625 ROCKY MOUNTAIN PKWY,ANTIOCH,37013,36000,206100,242100,60525,3231.0
05212002200,GSD ,9,720 NIX PASS,MADISON,37115,31000,217100,248100,62025,1924.0
14714006300,USD ,27,572 VALLEYWOOD DR,NASHVILLE,37211,66000,149300,215300,53825,1290.0
14715012600,USD ,27,545 WHISPERING HILLS DR,NASHVILLE,37211,60000,115200,175200,43800,1000.0
130120A04500CO,FH  ,34,2 STRAWBERRY HLS,NASHVILLE,37215,390000,1957700,2347700,586925,11029.0
07507011200,GSD ,12,4385 BATON ROUGE DR,HERMITAGE,37076,38000,125500,163500,40875,2028.0
176050A08100CO,USD ,33,6636 SHADYVIEW DR,ANTIOCH,37013,36000,116800,152800,38200,1228.0
126150A22200CO,GSD ,35,8024 BOONE TRCE,NASHVILLE,37221,62000,230900,292900,73225,2096.0
10304015500,USD ,24,4600 NEBRASKA AVE,NASHVILLE,37209,250000,233000,483000,120750,1652.0
14407000100,FH  ,34,1 BLACKBERRY RD,NASHVILLE,37215,607500,447000,1054500,263625,6012.0
091070I00200CO,USD ,20,4611 B KENTUCKY AVE,NASHVILLE,37209,124000,258600,382600,95650,1948.0
126160A40200CO,GSD ,35,1645 HARPETH RUN DR,NASHVILLE,37221,54000,215700,269700,67425,1951.25
16016000800,USD ,4,5821 FIRESIDE DR,BRENTWOOD,37027,82000,347800,429800,107450,2682.0
11612001000,USD ,25,3829 WOODMONT LN,NASHVILLE,37215,340000,152100,492100,123025,1622.4000199999998
18100013400,GSD ,31,6290 PETTUS RD,ANTIOCH,37013,157300,320600,477900,119475,2467.0
10405017900,USD ,24,312 HARVARD AVE,NASHVILLE,37205,240000,697300,937300,234325,3797.5
108070B07900CO,GSD ,13,203 TIMBERWAY DR,NASHVILLE,37214,22000,85300,107300,26825,1143.0
01913004800,GO  ,10,204 JACKSON ST,GOODLETTSVILLE,37072,20000,58600,78600,19650,1043.0
14812028300,USD ,28,4732 DREWRY DR,ANTIOCH,37013,18000,64100,82100,32840,1080.0
02100015400,GSD ,1,4167 KNIPFER RD,JOELTON,37080,61500,125300,186800,46700,2509.91992
00715001100,GSD ,10,656 GAYLEMORE DR,GOODLETTSVILLE,37072,65000,249500,314500,78625,2943.5
114080C01600CO,USD ,22,7277 CHARLOTTE PIKE 138,NASHVILLE,37209,44000,210300,254300,63575,2234.0
09206063400,USD ,21,2424 BATAVIA ST,NASHVILLE,37208,31300,12900,44200,11050,755.0
07800008800,GSD ,1,4589 CLEECES FERRY RD,NASHVILLE,37218,42000,92200,134200,33550,989.0
149030D00500CO,USD ,29,2520 LAKEVILLA DR,NASHVILLE,37217,35000,125600,160600,40150,1968.0
086140A13100CO,GSD ,14,131 THISTLE LN,HERMITAGE,37076,22000,98800,120800,30200,1116.0
13606014200,USD ,29,3509 WOOD BRIDGE DR,NASHVILLE,37217,38000,170300,208300,52075,1756.0
14411000400,FH  ,34,6020 HILLSBORO PIKE,NASHVILLE,37215,466000,202700,668700,167175,2988.0
14203005200,GSD ,22,7308 CAVALIER RD,NASHVILLE,37221,56000,306900,362900,90725,3220.0
130060A00200CO,BM  ,23,715 BELLE MEADE BLVD C-1,NASHVILLE,37205,100000,629900,729900,182475,1853.0
142090A05700CO,GSD ,22,733 ALBAR DR,NASHVILLE,37221,33000,141000,174000,43500,1167.0
10312027000,USD ,24,3814 CENTRAL AVE,NASHVILLE,37205,240000,533100,773100,193275,3524.0
033060A01300CO,GO  ,10,101 ECHO HILL BLVD,GOODLETTSVILLE,37072,45000,208600,253600,63400,2546.0
11000007400,GSD ,12,4684 HESSEY RD,MOUNT JULIET,37122,60000,82800,142800,35700,1440.0
104040B00700CO,USD ,19,1026 B 18TH AVE S,NASHVILLE,37212,110000,523900,633900,158475,2764.0
09507009900,USD ,15,305 BLUE HILLS DR,NASHVILLE,37214,43200,136500,179700,44925,1294.0
16213022900,USD ,31,117 CEDARMONT CIR,NASHVILLE,37211,17000,77700,94700,23675,1088.0
09316011200,USD ,19,93 MAURY ST,NASHVILLE,37210,29800,57600,87400,21850,1598.0
151090A11600CO,USD ,33,6504 ARVINGTON WAY,ANTIOCH,37013,43500,180800,224300,56075,2531.0
075120C05000CO,GSD ,11,749 TULIP GROVE RD 1004,HERMITAGE,37076,28000,129100,157100,39275,1512.0
117130E00300CO,USD ,34,3924 VAILWOOD DR,NASHVILLE,37215,288000,481700,769700,192425,3310.0
172090A01200CO,GSD ,4,6304 BANBURY STA,BRENTWOOD,37027,80000,343700,423700,105925,3372.25
163160C11700CO,USD ,32,1837 ISABELLE LN,ANTIOCH,37013,30000,124400,154400,38600,1359.0
160140B05400CO,USD ,4,5754 BRENTWOOD TRCE,BRENTWOOD,37027,32000,125600,157600,39400,992.0
164060B05300CO,GSD ,33,607 BRADBURN VILLAGE CIR,ANTIOCH,37013,25000,103400,128400,32100,1216.0
083130B30500CO,USD ,6,1015 FATHERLAND ST 305,NASHVILLE,37206,50000,257800,307800,76950,1141.0
104080M30500CO,USD ,17,1706 18TH AVE S 205,NASHVILLE,37212,71000,166900,237900,59475,754.0
14502003600,USD ,34,1416 TYNE BLVD,NASHVILLE,37215,350000,370100,720100,180025,3850.0
13002004000,USD ,23,106 WINDSOR DR,NASHVILLE,37205,428000,418700,846700,211675,3073.0
155030C02000CO,GSD ,35,8105 POPLARWOOD LN,NASHVILLE,37221,72000,345100,417100,104275,3428.0
130130A01400CO,USD ,34,304 MAYBELLE LN,NASHVILLE,37205,520000,1269200,1789200,447300,5263.0
04305008500,USD ,9,809 A CEDARCREST AVE,MADISON,37115,39600,130700,170300,42575,1932.0
143060A02400CO,GSD ,23,104 HARPETH TRACE CT,NASHVILLE,37221,86000,351800,437800,109450,3662.0
07207028800,USD ,7,1410 MCGAVOCK PIKE,NASHVILLE,37216,103700,103600,207300,51825,1134.19995
09011001700,USD ,20,648 RIVER ROUGE DR,NASHVILLE,37209,91000,123400,214400,53600,1690.5
11503005000,USD ,23,825 BELTON DR,NASHVILLE,37205,180000,183100,363100,90775,2306.0
082040C00200CO,USD ,5,910 SHARPE AVE,NASHVILLE,37206,78300,0,78300,19575,1514.0
141050A31200CO,GSD ,35,609 WOLFEBORO LN,NASHVILLE,37221,72000,367400,439400,109850,4238.54004
11809014400,USD ,25,920 SUTTON HILL RD,NASHVILLE,37204,180000,440400,620400,155100,2567.5
141060D19000CO,GSD ,22,3207 HARPETH SPRINGS DR,NASHVILLE,37221,33000,135400,168400,42100,1216.0
135110C05500CO,USD ,29,165 NASHBORO GRNS,NASHVILLE,37217,36000,114800,150800,37700,1584.0
11915002700,USD ,16,3129 LAKE PARK DR,NASHVILLE,37211,45000,189100,234100,58525,1850.0
06413001400,GSD ,11,4320 OLD HICKORY BLVD,OLD HICKORY,37138,34000,59300,93300,23325,1132.0
149020B00500CO,USD ,28,1304 CADOGAN WAY,ANTIOCH,37013,32000,128600,160600,40150,1592.0
12001010900,USD ,13,1221 SATURN DR,NASHVILLE,37217,22500,98900,121400,30350,1063.0
10312023400,USD ,24,113 MOCKINGBIRD RD,NASHVILLE,37205,220000,836700,1056700,264175,3826.0
072060N00100CO,USD ,5,1074 A ZOPHI ST,NASHVILLE,37216,52000,292000,344000,86000,2184.0
147030B09500CO,USD ,30,370 WALLACE RD C-4,NASHVILLE,37211,15000,34500,49500,12375,1020.0
108120B06900CO,GSD ,13,2216 S ASHFORD,NASHVILLE,37214,48000,149600,197600,49400,1740.0
10416011900,USD ,18,1913 ASHWOOD AVE,NASHVILLE,37212,300000,608300,908300,227075,3075.0
163040A42000CO,USD ,32,3001 HAMILTON CHURCH RD 420,ANTIOCH,37013,26000,103500,129500,32375,1208.0
06103017400,USD ,7,5015 INGLEWOOD CT,NASHVILLE,37216,65000,221500,286500,71625,1107.0
06916006100,USD ,2,1611 ELIZABETH RD,NASHVILLE,37218,29000,65600,94600,23650,1275.0
094160E10200CO,USD ,15,607 SPENCE ENCLAVE WAY,NASHVILLE,37210,35000,138600,173600,43400,1428.0
007140A01200CO,GSD ,10,2241 KAYLA DR,GOODLETTSVILLE,37072,84500,831900,916400,229100,6974.0
142010A05900CO,GSD ,22,8207 SAWYER BROWN RD J-3,NASHVILLE,37221,38000,158400,196400,49100,1496.0
147030B07900CO,USD ,30,370 WALLACE RD D-12,NASHVILLE,37211,15000,31000,46000,11500,972.0
08414002500,USD ,15,220 BERMUDA DR,NASHVILLE,37214,54000,184500,238500,59625,2205.8400899999997
103140A06700CO,USD ,24,4500 POST RD 67,NASHVILLE,37205,40000,238900,278900,69725,1716.0
097020A35700CO,GSD ,14,2536 RIVER TRAIL DR,HERMITAGE,37076,57000,224300,281300,70325,2480.0
13307030600,USD ,26,308 NORWAY CT,NASHVILLE,37211,15300,56500,71800,28720,768.0
180040A13800CO,GSD ,4,921 CENTURY OAK DR,NASHVILLE,37211,75000,246700,321700,80425,2311.0
14702011700,USD ,26,438 COVENTRY DR,NASHVILLE,37211,59400,184300,243700,60925,1460.0
126150A06300CO,GSD ,35,7901 BOONE TRCE,NASHVILLE,37221,62000,190400,252400,63100,1936.0
105050C00200CO,USD ,17,1702 B 15TH AVE S,NASHVILLE,37212,136000,485100,621100,155275,2945.3999
07215000700,USD ,7,2103 SCOTT AVE,NASHVILLE,37216,184000,82200,266200,66550,1953.0
08106018300,USD ,21,2649 DELK AVE,NASHVILLE,37208,55800,52200,108000,27000,704.0
104090H01100CO,USD ,24,3626 WEST END AVE 205,NASHVILLE,37205,56000,194600,250600,62650,815.0
107140A04100CO,USD ,13,1254 MASSMAN DR,NASHVILLE,37217,17000,62900,79900,19975,1152.0
137040B05000CO,GSD ,33,2257 ARBOR POINTE WAY,HERMITAGE,37076,55000,130600,185600,46400,2325.0
08507002800,USD ,14,3147 STAFFORD DR,NASHVILLE,37214,28800,143000,171800,42950,1855.0
093061J13700CO,CBID,19,415 CHURCH ST 1815,NASHVILLE,37219,79200,452300,531500,132875,1091.0
104060A06200CO,USD ,18,3415 WEST END AVE B-701,NASHVILLE,37203,35000,104100,139100,34775,802.0
11607000700,BM  ,23,115 LYNNWOOD TER,NASHVILLE,37205,1023000,812700,1835700,458925,4623.25
10405002300,USD ,24,3804 MURPHY RD,NASHVILLE,37209,250000,131700,381700,95425,1197.0
06103005500,USD ,8,4711 GRINSTEAD PL,NASHVILLE,37216,75000,143400,218400,54600,1356.0
09012015200,USD ,20,514 ANNEX AVE,NASHVILLE,37209,91000,135000,226000,56500,1423.0
163110D01500CO,USD ,32,2962 BABY RUTH LN 15,ANTIOCH,37013,26000,88600,114600,28650,1452.0
13401002100,USD ,13,509 VINSON DR,NASHVILLE,37217,38500,113200,151700,37925,1375.0
171030A11000CO,USD ,4,5153 FREDERICKSBURG WAY E,BRENTWOOD,37027,78000,323400,401400,100350,3279.0
117030A04000CO,USD ,25,3000 HILLSBORO PIKE 40,NASHVILLE,37215,35000,160300,195300,48825,1107.0
105013A00200CO,USD ,19,1410 B EDGEHILL AVE,NASHVILLE,37212,160000,143000,303000,75750,2617.0
082090J00500CO,USD ,19,1500 4TH AVE N 202,NASHVILLE,37208,58000,195000,253000,63250,730.0
12002017700,USD ,13,1337 MERCURY DR,NASHVILLE,37217,22500,104500,127000,31750,912.0
14701001400,USD ,26,348 LYNN DR,NASHVILLE,37211,54000,259900,313900,78475,2499.1601600000004
18700008900,GSD ,31,626 RICE HILL RD,NOLENSVILLE,37135,227600,175400,403000,100750,2055.0
160140B11500CO,USD ,4,5819 BRENTWOOD TRCE,BRENTWOOD,37027,32000,126000,158000,39500,992.0
091060L02200CO,USD ,20,1034 TREATY OAKS DR,NASHVILLE,37209,60000,0,60000,15000,0.0
06003019200,USD ,3,3110 B BRICKDALE LN,NASHVILLE,37207,16500,48900,65400,26160,768.0
155080C11700CO,GSD ,35,1413 CALLOWAY CT,NASHVILLE,37221,60000,282900,342900,85725,2533.0
172090A08500CO,GSD ,4,605 BANBURY PL,BRENTWOOD,37027,80000,328800,408800,102200,3122.0
04105002000,GSD ,3,4175 CREEK TRAIL DR,WHITES CREEK,37189,67000,376300,443300,110825,3116.0
