dteday,season,mnth,holiday,weekday,temp,atemp,hum,windspeed,rentals
2011-01-01,spring,January,0,Saturday,57.3995246,64.72625,80.58330000000001,10.749882,985
2011-01-02,spring,January,0,Sunday,58.8246764,63.83651,69.6087,16.652113,801
2011-01-03,spring,January,0,Monday,46.4916632,49.04645,43.7273,16.636703,1349
2011-01-04,spring,January,0,Tuesday,46.760000000000005,51.09098,59.0435,10.739832,1562
2011-01-05,spring,January,0,Wednesday,48.7494266,52.634299999999996,43.695699999999995,12.522300000000001,1600
2011-01-06,spring,January,0,Thursday,47.0808824,52.98881,51.8261,6.0008684,1606
2011-01-07,spring,January,0,Friday,46.5033236,50.79551,49.869600000000005,11.304642,1510
2011-01-08,spring,January,0,Saturday,44.177,46.60286,53.5833,17.875868,959
2011-01-09,spring,January,0,Sunday,42.2089754,42.45575,43.416700000000006,24.25065,822
2011-01-10,spring,January,0,Monday,43.1314754,45.57992,48.2917,14.958889000000001,1321
2011-01-11,spring,January,0,Tuesday,44.4789158,49.23176,68.63640000000001,8.182844,1263
2011-01-12,spring,January,0,Wednesday,44.747252599999996,46.44257,59.954499999999996,20.410009,1162
2011-01-13,spring,January,0,Thursday,44.177,45.57947,47.041700000000006,20.166999999999998,1406
2011-01-14,spring,January,0,Friday,43.872206,48.95717,53.7826,8.478716,1421
2011-01-15,spring,January,0,Saturday,49.219975399999996,54.330079999999995,49.875,10.583521000000001,1248
2011-01-16,spring,January,0,Sunday,49.0970246,53.07953,48.375,12.625010999999999,1204
2011-01-17,spring,January,1,Monday,44.9764754,47.90939,53.75,12.999139,1000
2011-01-18,spring,January,0,Tuesday,47.9900246,52.90997,86.16669999999999,9.833924999999999,683
2011-01-19,spring,January,0,Wednesday,53.5624412,58.85798,74.1739,13.957239,1650
2011-01-20,spring,January,0,Thursday,51.311024599999996,54.954499999999996,53.833299999999994,13.125568,1927
2011-01-21,spring,January,0,Friday,45.0995,46.20497,45.7083,23.667214,1543
2011-01-22,spring,January,0,Saturday,36.36382352,39.116264,40.0,11.52199,981
2011-01-23,spring,January,0,Sunday,39.12330146,40.895519,43.6522,16.5222,986
2011-01-24,spring,January,0,Monday,39.18747794,42.6137,49.1739,10.60811,1416
2011-01-25,spring,January,0,Tuesday,48.4926764,53.10734,61.695699999999995,8.696332,1985
2011-01-26,spring,January,0,Wednesday,48.051500000000004,50.324,86.25,19.68795,506
2011-01-27,spring,January,0,Thursday,46.391,51.772999999999996,68.75,7.627078999999999,431
2011-01-28,spring,January,0,Friday,47.016676399999994,52.098530000000004,79.30430000000001,8.2611,1167
2011-01-29,spring,January,0,Saturday,46.5033236,51.09134,65.1739,9.739455000000001,1098
2011-01-30,spring,January,0,Sunday,47.9793236,54.52898,72.2174,4.956834199999999,1096
2011-01-31,spring,January,0,Monday,45.3454754,48.7625,60.375,12.541864,1501
2011-02-01,spring,February,0,Tuesday,46.1824412,53.1077,82.9565,3.5652709999999996,1360
2011-02-02,spring,February,0,Wednesday,51.188,54.89753,77.5417,17.708636,1526
2011-02-03,spring,February,0,Thursday,45.7974266,48.00902,43.7826,18.609384,1550
2011-02-04,spring,February,0,Friday,47.5942352,52.572829999999996,58.521699999999996,8.565213,1708
2011-02-05,spring,February,0,Saturday,49.219975399999996,53.87522,92.91669999999999,10.792293,1005
2011-02-06,spring,February,0,Sunday,53.0944754,58.250389999999996,56.833299999999994,9.5006,1623
2011-02-07,spring,February,0,Monday,52.049024599999996,59.32922,73.83330000000001,3.0423561000000006,1712
2011-02-08,spring,February,0,Tuesday,48.297475399999996,49.84214,53.7917,24.25065,1530
2011-02-09,spring,February,0,Wednesday,41.9469854,44.98547,49.4783,12.652213,1605
2011-02-10,spring,February,0,Thursday,42.652882399999996,45.459320000000005,43.7391,14.869645,1538
2011-02-11,spring,February,0,Friday,45.9549158,51.21581,50.6364,7.272849999999999,1746
2011-02-12,spring,February,0,Saturday,48.420500000000004,52.96586,54.4167,13.625589000000002,1472
2011-02-13,spring,February,0,Sunday,55.359323599999996,61.17017,45.7391,17.479160999999998,1589
2011-02-14,spring,February,0,Monday,62.626999999999995,67.8515,37.583299999999994,27.999836,1913
2011-02-15,spring,February,0,Tuesday,51.6372206,54.88466,31.434800000000003,19.522057999999998,1815
2011-02-16,spring,February,0,Wednesday,55.4876618,60.458,42.3478,16.869996999999998,2115
2011-02-17,spring,February,0,Thursday,64.16447539999999,70.57921999999999,50.5,15.416968,2475
2011-02-18,spring,February,0,Friday,70.4990246,78.07847,51.6667,17.749975000000003,2927
2011-02-19,spring,February,0,Saturday,61.4585246,67.22636,18.7917,34.000021,1635
2011-02-20,spring,February,0,Sunday,53.0490146,56.9597,40.7826,14.956745,1812
2011-02-21,spring,February,1,Monday,54.38597540000001,57.56675,60.5,20.625682,1107
2011-02-22,spring,February,0,Tuesday,45.4479836,48.74297,57.7778,13.110761,1450
2011-02-23,spring,February,0,Wednesday,48.3643382,54.11453,42.3043,6.3055710000000005,1917
2011-02-24,spring,February,0,Thursday,53.819117600000006,58.02719,69.7391,16.783231999999998,1807
2011-02-25,spring,February,0,Friday,58.8888824,63.54149,71.2174,23.218113,1461
2011-02-26,spring,February,0,Saturday,52.8485,57.39728,53.7917,12.500257000000001,1969
2011-02-27,spring,February,0,Sunday,57.3486764,63.599810000000005,68.0,8.391615999999999,2402
2011-02-28,spring,February,0,Monday,62.0567474,68.01061999999999,87.6364,19.408962,1446
2011-03-01,spring,March,0,Tuesday,51.680024599999996,55.74911,53.5,14.500475,1851
2011-03-02,spring,March,0,Wednesday,56.723,60.80639,44.9583,20.624810999999998,2134
2011-03-03,spring,March,0,Thursday,46.6369754,50.011970000000005,31.833299999999998,15.125518000000001,1685
2011-03-04,spring,March,0,Friday,51.311024599999996,55.01111,61.0417,13.624182,1944
2011-03-05,spring,March,0,Saturday,60.3515246,66.09011,78.91669999999999,16.875357,2077
2011-03-06,spring,March,0,Sunday,59.78732359999999,64.96268,94.8261,23.000229,605
2011-03-07,spring,March,0,Monday,51.316338200000004,53.46149,55.1304,22.870584,1872
2011-03-08,spring,March,0,Tuesday,53.5865,59.216,42.0833,8.083549999999999,2133
2011-03-09,spring,March,0,Wednesday,53.8324754,57.79472,77.5417,14.750050000000002,1891
2011-03-10,spring,March,0,Thursday,60.71491579999999,66.71012,0.0,17.545758999999997,623
2011-03-11,spring,March,0,Friday,55.359323599999996,59.45,64.95649999999999,15.608989999999999,1977
2011-03-12,spring,March,0,Saturday,56.2925246,61.317499999999995,59.458299999999994,14.791924999999999,2132
2011-03-13,spring,March,0,Sunday,60.3648824,66.20819,52.73909999999999,18.130468,2417
2011-03-14,spring,March,0,Monday,56.001014600000005,61.88,49.695699999999995,9.174042,2046
2011-03-15,spring,March,0,Tuesday,55.4234558,60.63602,65.5652,12.348703,2056
2011-03-16,spring,March,0,Wednesday,58.9530146,65.0237,77.65220000000001,13.608839000000001,2192
2011-03-17,spring,March,0,Thursday,62.626999999999995,68.92997,60.291700000000006,14.041792999999998,2744
2011-03-18,spring,March,0,Friday,71.852,79.43081000000001,52.5217,15.478139,3239
2011-03-19,spring,March,0,Saturday,66.87049999999999,73.98725,37.916700000000006,24.667189,3117
2011-03-20,spring,March,0,Sunday,56.5385,61.317499999999995,47.375,13.917307000000001,2471
2011-03-21,summer,March,0,Monday,63.766103,68.87615,73.73910000000001,19.348461,2077
2011-03-22,summer,March,0,Tuesday,64.5950246,71.65778,62.4583,15.125250000000001,2703
2011-03-23,summer,March,0,Wednesday,57.6054266,62.41451,83.9565,15.695487000000002,2121
2011-03-24,summer,March,0,Thursday,53.033,56.37497,80.58330000000001,16.333728999999998,1865
2011-03-25,summer,March,0,Friday,51.495524599999996,55.06808,49.5,15.458575000000002,2210
2011-03-26,summer,March,0,Saturday,51.6184754,55.18139,39.4167,14.041257,2496
2011-03-27,summer,March,0,Sunday,50.6745734,54.53051,49.3913,12.348099999999999,1693
2011-03-28,summer,March,0,Monday,51.508882400000005,55.181659999999994,30.2174,14.217668,2028
2011-03-29,summer,March,0,Tuesday,54.3245,58.361720000000005,31.416700000000002,15.208732,2425
2011-03-30,summer,March,0,Wednesday,54.14,58.7615,64.6667,11.583496,1536
2011-03-31,summer,March,0,Thursday,51.8029754,55.18175,91.8333,14.582282000000001,1685
2011-04-01,summer,April,0,Friday,54.14,57.510859999999994,68.625,17.333436,2227
2011-04-02,summer,April,0,Saturday,55.247,60.40733,65.375,13.208782000000001,2252
2011-04-03,summer,April,0,Sunday,59.920975399999996,66.08903000000001,48.0,12.208271000000002,3249
2011-04-04,summer,April,0,Monday,74.3119754,80.86361000000001,42.625,25.833257,3115
2011-04-05,summer,April,0,Tuesday,62.5655246,67.8515,64.2083,26.000488999999998,1795
2011-04-06,summer,April,0,Wednesday,60.8434754,66.88472,47.0833,17.625221,2808
2011-04-07,summer,April,0,Thursday,64.2875,71.03264,60.291700000000006,10.874903999999999,3141
2011-04-08,summer,April,0,Friday,56.7844754,61.20311,83.625,15.208464,1471
2011-04-09,summer,April,0,Saturday,57.2765,62.73761,87.75,8.916560999999998,2455
2011-04-10,summer,April,0,Sunday,63.4880246,70.40633,85.75,9.833389,2895
2011-04-11,summer,April,0,Monday,75.9591176,82.86953,71.6956,21.739758,3348
2011-04-12,summer,April,0,Tuesday,69.08449999999999,76.37486,73.9167,18.416892999999998,2034
2011-04-13,summer,April,0,Wednesday,62.442499999999995,69.55547,81.91669999999999,16.791339,2162
2011-04-14,summer,April,0,Thursday,66.5015,73.64678,54.041700000000006,7.4169,3267
2011-04-15,summer,April,1,Friday,64.9640246,71.77217,67.125,15.167124999999999,3126
2011-04-16,summer,April,0,Saturday,63.7954754,70.29428,88.83330000000001,22.834136,795
2011-04-17,summer,April,0,Sunday,65.7020246,72.11264,47.9583,20.334232,3744
2011-04-18,summer,April,0,Monday,69.82249999999999,77.28314,54.25,10.958989,3429
2011-04-19,summer,April,0,Tuesday,69.3304754,76.03322,66.5833,10.584057,3204
2011-04-20,summer,April,0,Wednesday,75.911,82.79528,61.4167,16.208975,3944
2011-04-21,summer,April,0,Thursday,65.8865246,72.85028,40.708299999999994,21.792286,4189
2011-04-22,summer,April,0,Friday,56.8460246,60.97586,72.9583,14.707906999999999,1683
2011-04-23,summer,April,0,Saturday,65.94800000000001,72.51088999999999,88.79169999999999,15.458575000000002,4036
2011-04-24,summer,April,0,Sunday,74.9270246,81.65867,81.08330000000001,12.875725000000001,4191
2011-04-25,summer,April,0,Monday,76.7720246,83.70500000000001,77.6667,12.417311,4073
2011-04-26,summer,April,0,Tuesday,78.6170246,85.46747,72.9167,21.875500000000002,4400
2011-04-27,summer,April,0,Wednesday,77.756,83.76277999999999,83.54169999999999,20.917399999999997,3872
2011-04-28,summer,April,0,Thursday,77.5715,84.10361,70.08330000000001,21.500836,4058
2011-04-29,summer,April,0,Friday,69.638,76.77167,45.7083,16.084221,4595
2011-04-30,summer,April,0,Saturday,66.87049999999999,73.76189000000001,50.3333,15.750025,5312
2011-05-01,summer,May,0,Sunday,65.3330246,72.33836,76.2083,7.125717999999999,3351
2011-05-02,summer,May,0,Monday,72.5285246,79.95497,73.0,12.291418,4401
2011-05-03,summer,May,0,Tuesday,77.5100246,84.38711,69.7083,22.958689,4451
2011-05-04,summer,May,0,Wednesday,62.5655246,68.41850000000001,73.70830000000001,22.042732,2633
2011-05-05,summer,May,0,Thursday,65.8865246,71.77252999999999,44.416700000000006,19.791263999999998,4433
2011-05-06,summer,May,0,Friday,67.3625246,74.67053,59.0,15.292482,4608
2011-05-07,summer,May,0,Saturday,70.376,78.13588999999999,54.125,10.750150000000001,4714
2011-05-08,summer,May,0,Sunday,70.9909754,78.70397,63.1667,5.0007125,4333
2011-05-09,summer,May,0,Monday,71.2985,79.27214000000001,58.875,11.792000000000002,4362
2011-05-10,summer,May,0,Tuesday,71.2985,79.04489000000001,48.9167,7.749957000000001,4803
2011-05-11,summer,May,0,Wednesday,72.0365,79.556,63.29169999999999,8.083014,4182
2011-05-12,summer,May,0,Thursday,71.483,79.10267,74.75,12.707689,4864
2011-05-13,summer,May,0,Friday,69.82249999999999,76.487,86.33330000000001,12.041575,4105
2011-05-14,summer,May,0,Saturday,70.4374754,77.05661,92.25,9.041649999999999,3409
2011-05-15,summer,May,0,Sunday,73.5125,80.24000000000001,86.70830000000001,10.249593,4553
2011-05-16,summer,May,0,Monday,74.6195,81.54608,78.79169999999999,8.500357000000001,3958
2011-05-17,summer,May,0,Tuesday,73.4510246,80.46761000000001,83.7917,18.582718,4123
2011-05-18,summer,May,0,Wednesday,72.59,79.44422,87.0,13.499964,3855
2011-05-19,summer,May,0,Thursday,71.1754754,77.96678,82.9583,7.2502710000000015,4575
2011-05-20,summer,May,0,Friday,71.6060246,79.61378,71.9583,8.375871,4917
2011-05-21,summer,May,0,Saturday,76.4645,83.47775,62.6667,8.083549999999999,5805
2011-05-22,summer,May,0,Sunday,76.5875246,83.70500000000001,74.9583,9.916536,4660
2011-05-23,summer,May,0,Monday,78.6170246,85.12664,81.0,15.667413999999999,4274
2011-05-24,summer,May,0,Tuesday,80.708,86.43317,74.0833,13.875164,4492
2011-05-25,summer,May,0,Wednesday,80.7694754,87.39878,69.625,10.333611,4978
2011-05-26,summer,May,0,Thursday,84.2749754,90.92192,67.75,13.376014000000001,4677
2011-05-27,summer,May,0,Friday,82.3070246,89.33072,65.375,16.125493,4679
2011-05-28,summer,May,0,Saturday,80.4004754,87.11411000000001,72.9583,15.416164000000002,4758
2011-05-29,summer,May,0,Sunday,81.2615,87.39950000000002,81.875,14.333846000000001,4788
2011-05-30,summer,May,1,Monday,86.1199754,92.39828,68.5,8.792075,4098
2011-05-31,summer,May,0,Tuesday,89.19500000000001,97.28447000000001,63.6667,7.459042999999999,3982
2011-06-01,summer,June,0,Wednesday,88.3955246,96.88703000000001,67.7083,13.875164,3974
2011-06-02,summer,June,0,Thursday,84.767,89.95478,30.5,19.583228999999996,4968
2011-06-03,summer,June,0,Friday,77.756,84.84197,35.4167,16.959107,5312
2011-06-04,summer,June,0,Saturday,78.863,85.52264,45.625,8.250514,5342
2011-06-05,summer,June,0,Sunday,79.8469754,87.51236,65.25,9.292364000000001,4906
2011-06-06,summer,June,0,Monday,82.0609754,87.96722,60.0,8.167032,4548
2011-06-07,summer,June,0,Tuesday,84.2135,91.0355,59.791700000000006,12.583136,4833
2011-06-08,summer,June,0,Wednesday,89.2564754,97.45511,62.208299999999994,9.166739,4401
2011-06-09,summer,June,0,Thursday,91.6549754,100.18211000000001,56.833299999999994,10.042161,3915
2011-06-10,summer,June,0,Friday,87.71900000000001,95.29628,60.5,9.417117999999999,4586
2011-06-11,summer,June,0,Saturday,85.505,93.02342000000002,65.45830000000001,10.374949999999998,4966
2011-06-12,summer,June,0,Sunday,83.10650000000001,89.89925000000001,74.7917,10.958989,4460
2011-06-13,summer,June,0,Monday,78.863,86.14886,49.4583,20.45845,5020
2011-06-14,summer,June,0,Tuesday,76.5875246,85.23913999999999,50.708299999999994,18.041961,4891
2011-06-15,summer,June,0,Wednesday,78.2480246,84.89786000000001,47.1667,11.250103999999999,5180
2011-06-16,summer,June,0,Thursday,78.3709754,85.58114,68.8333,13.833557,3767
2011-06-17,summer,June,0,Friday,79.9085246,86.03447,73.5833,9.582942999999998,4844
2011-06-18,summer,June,0,Saturday,83.4140246,89.95586,67.0417,8.000335999999999,5119
2011-06-19,summer,June,0,Sunday,83.59852459999999,90.12614,66.6667,6.834,4744
2011-06-20,summer,June,0,Monday,78.863,85.58114,74.625,10.416825,4010
2011-06-21,fall,June,0,Tuesday,82.2454754,89.38813999999999,77.0417,11.458675000000001,4835
2011-06-22,fall,June,0,Wednesday,86.1199754,94.44461000000001,70.75,11.541554,4507
2011-06-23,fall,June,0,Thursday,85.7509754,94.44497,70.3333,15.999868,4790
2011-06-24,fall,June,0,Friday,85.4435246,91.09247,57.3333,14.875675,4991
2011-06-25,fall,June,0,Saturday,83.291,89.89817000000001,48.3333,14.041257,5202
2011-06-26,fall,June,0,Sunday,82.184,89.38660999999999,51.3333,6.333731100000001,5305
2011-06-27,fall,June,0,Monday,82.3685,89.33036,65.8333,7.208396000000001,4708
2011-06-28,fall,June,0,Tuesday,86.9195246,94.33022,63.416700000000006,9.666960999999999,4648
2011-06-29,fall,June,0,Wednesday,85.7509754,90.92192,49.7917,17.542007,5225
2011-06-30,fall,June,0,Thursday,83.4140246,89.33072,43.416700000000006,12.415903999999998,5515
2011-07-01,fall,July,0,Friday,85.32050000000001,90.69458,39.625,6.8747359999999995,5362
2011-07-02,fall,July,0,Saturday,86.4889754,92.05772,44.4583,7.709153999999999,5119
2011-07-03,fall,July,0,Sunday,84.8900246,92.17175,68.25,15.333486,4649
2011-07-04,fall,July,1,Monday,85.62802459999999,91.88753,63.7917,5.4591064,6043
2011-07-05,fall,July,0,Tuesday,87.10402459999999,94.67042000000001,59.0417,8.459285999999999,4665
2011-07-06,fall,July,0,Wednesday,85.136,93.70697,74.33330000000001,10.042161,4629
2011-07-07,fall,July,0,Thursday,87.35,93.81839,65.125,10.666400000000001,4592
2011-07-08,fall,July,0,Friday,84.33652459999999,92.34347,75.79169999999999,15.083643,4040
2011-07-09,fall,July,0,Saturday,86.1199754,91.77422,60.9167,11.250103999999999,5336
2011-07-10,fall,July,0,Sunday,87.1655,94.10225,57.8333,12.292557,4881
2011-07-11,fall,July,0,Monday,88.27250000000001,97.68236,63.5833,18.916579,4086
2011-07-12,fall,July,0,Tuesday,90.60952459999999,98.53475,55.9167,13.417017999999999,4258
2011-07-13,fall,July,0,Wednesday,87.10402459999999,94.04635999999999,63.1667,9.790911,4342
2011-07-14,fall,July,0,Thursday,82.2454754,89.15935999999999,47.625,16.124689,5084
2011-07-15,fall,July,0,Friday,80.95397539999999,88.19339,59.12500000000001,12.249811,5538
2011-07-16,fall,July,0,Saturday,82.6760246,89.44367,58.5,13.958914,5923
2011-07-17,fall,July,0,Sunday,85.07452459999999,92.28497,60.4167,16.417211,5302
2011-07-18,fall,July,0,Monday,87.10402459999999,95.35325,65.125,14.458867999999999,4458
2011-07-19,fall,July,0,Tuesday,89.3180246,99.27311,65.0417,8.7502,4541
2011-07-20,fall,July,0,Wednesday,88.7029754,99.2165,70.70830000000001,7.625739,4332
2011-07-21,fall,July,0,Thursday,92.147,106.37339,69.125,14.875407,3784
2011-07-22,fall,July,0,Friday,94.6069754,107.68064,58.0417,8.9177,3387
2011-07-23,fall,July,0,Saturday,94.6685246,104.38582999999998,50.0,8.791807,3285
2011-07-24,fall,July,0,Sunday,93.25399999999999,103.53461,55.0833,11.334457,3606
2011-07-25,fall,July,0,Monday,86.85797540000002,96.88622000000001,75.7083,6.0841561,3840
2011-07-26,fall,July,0,Tuesday,88.9490246,94.72811,54.0833,13.417285999999999,4590
2011-07-27,fall,July,0,Wednesday,89.19500000000001,94.16002999999999,40.291700000000006,12.292021000000002,4656
2011-07-28,fall,July,0,Thursday,89.5025246,98.591,58.3333,11.958093,4390
2011-07-29,fall,July,0,Friday,93.8689754,102.73703,54.25,11.667246,3846
2011-07-30,fall,July,0,Saturday,91.3475246,97.56833,46.5833,11.291979,4475
2011-07-31,fall,July,0,Sunday,91.4704754,97.68164,48.0833,11.042471,4302
2011-08-01,fall,August,0,Monday,88.9490246,95.29628,55.0833,10.500039,4266
2011-08-02,fall,August,0,Tuesday,89.8099754,95.63638999999999,49.125,13.79195,4845
2011-08-03,fall,August,0,Wednesday,85.9970246,93.19433000000001,65.75,9.084060999999998,3574
2011-08-04,fall,August,0,Thursday,84.398,91.83092,75.75,13.20905,4576
2011-08-05,fall,August,0,Friday,84.4594754,91.09103,63.083299999999994,12.374632,4866
2011-08-06,fall,August,0,Saturday,84.8900246,92.85386000000001,75.5,15.29275,4294
2011-08-07,fall,August,0,Sunday,86.79650000000001,96.37628,75.2917,13.499629,3785
2011-08-08,fall,August,0,Monday,88.45700000000001,95.29547,59.2083,12.875725000000001,4326
2011-08-09,fall,August,0,Tuesday,89.19500000000001,97.17089,57.04169999999999,10.125107,4602
2011-08-10,fall,August,0,Wednesday,88.5800246,93.64847,42.4167,13.417285999999999,4780
2011-08-11,fall,August,0,Thursday,84.9515,90.63689000000001,42.375,11.041332,4792
2011-08-12,fall,August,0,Friday,84.2749754,90.86377999999999,41.5,8.416607,4905
2011-08-13,fall,August,0,Saturday,82.6144754,90.12722000000001,72.9583,14.167418,4150
2011-08-14,fall,August,0,Sunday,81.9380246,88.19492,81.75,14.916411,3820
2011-08-15,fall,August,0,Monday,81.1384754,87.45503,71.20830000000001,13.999918,4338
2011-08-16,fall,August,0,Tuesday,83.7214754,90.12532999999999,57.8333,15.834043,4725
2011-08-17,fall,August,0,Wednesday,85.3819754,92.00039000000001,57.5417,9.625689000000001,4694
2011-08-18,fall,August,0,Thursday,84.5210246,91.60322000000001,65.45830000000001,15.624936,3805
2011-08-19,fall,August,0,Friday,82.553,88.98989,72.2917,9.333635999999998,4153
2011-08-20,fall,August,0,Saturday,83.4755,90.40964,67.41669999999999,6.999289,5191
2011-08-21,fall,August,0,Sunday,84.4594754,92.79725,77.0,16.666518,3873
2011-08-22,fall,August,0,Monday,83.0450246,89.44286,47.0,18.54225,4758
2011-08-23,fall,August,0,Tuesday,79.2934754,86.54603,45.5417,9.833121,5895
2011-08-24,fall,August,0,Wednesday,81.69197539999999,88.76228,60.5,16.958236,5130
2011-08-25,fall,August,0,Thursday,82.49152459999999,90.12686000000001,77.1667,14.125810999999999,3542
2011-08-26,fall,August,0,Friday,83.66,91.37597,76.125,5.625487499999999,4661
2011-08-27,fall,August,0,Saturday,82.184,89.20004,85.0,25.166339,1115
2011-08-28,fall,August,0,Sunday,84.1809542,90.31631,56.1765,20.412153,4334
2011-08-29,fall,August,0,Monday,78.9860246,86.71621999999999,55.45830000000001,10.708275,4634
2011-08-30,fall,August,0,Tuesday,79.17052460000001,85.52336,54.833299999999994,8.375535999999999,5204
2011-08-31,fall,August,0,Wednesday,80.4620246,87.00089,59.791700000000006,5.5833311000000005,5058
2011-09-01,fall,September,0,Thursday,80.339,87.34289000000001,63.916700000000006,9.500332,5115
2011-09-02,fall,September,0,Friday,79.4779754,86.43272,72.70830000000001,9.375243,4727
2011-09-03,fall,September,0,Saturday,81.38452459999999,88.98917,71.6667,12.416775,4484
2011-09-04,fall,September,0,Sunday,84.33652459999999,91.88861,74.20830000000001,13.833289,4940
2011-09-05,fall,September,1,Monday,81.69197539999999,88.30814000000001,79.0417,14.250632,3351
2011-09-06,fall,September,0,Tuesday,71.852,78.368,88.6957,23.044181,2710
2011-09-07,fall,September,0,Wednesday,76.2185246,80.98061,91.7083,6.500393600000001,1996
2011-09-08,fall,September,0,Thursday,78.78277940000001,81.98249,93.9565,12.914116,1842
2011-09-09,fall,September,0,Friday,79.97,84.10513999999999,89.79169999999999,8.333393,3544
2011-09-10,fall,September,0,Saturday,80.708,86.71658,75.375,10.291736,5345
2011-09-11,fall,September,0,Sunday,80.21597539999999,86.83061000000001,71.375,7.7086179999999995,5046
2011-09-12,fall,September,0,Monday,79.5528824,86.1917,69.2174,5.957171000000001,4713
2011-09-13,fall,September,0,Tuesday,80.0314754,86.31986,71.25,9.500867999999999,4763
2011-09-14,fall,September,0,Wednesday,81.69197539999999,88.421,69.7083,11.2091,4785
2011-09-15,fall,September,0,Thursday,74.6195,81.83039,70.9167,18.166782,3659
2011-09-16,fall,September,0,Friday,66.6245246,73.53275,59.0417,11.000261,4760
2011-09-17,fall,September,0,Saturday,68.2850246,75.06608,71.8333,12.708225,4511
2011-09-18,fall,September,0,Sunday,69.45349999999999,76.14833,69.5,11.958361,4274
2011-09-19,fall,September,0,Monday,72.5285246,79.67075,69.0,10.166714,4539
2011-09-20,fall,September,0,Tuesday,73.4510246,79.89953,88.125,9.041917999999999,3641
2011-09-21,fall,September,0,Wednesday,75.911,81.54796999999999,90.0,6.4590814,4352
2011-09-22,fall,September,0,Thursday,78.3709754,81.94667,90.2083,8.584375,4795
2011-09-23,winter,September,0,Friday,76.9565246,78.99125,97.25,5.2505689,2395
2011-09-24,winter,September,0,Saturday,76.7720246,82.79708,86.25,5.2516811,5423
2011-09-25,winter,September,0,Sunday,78.8015246,83.53733,84.5,3.3754064,5010
2011-09-26,winter,September,0,Monday,79.9085246,85.01378,84.8333,7.4169,4630
2011-09-27,winter,September,0,Tuesday,78.9860246,83.70725,88.5417,7.917457,4120
2011-09-28,winter,September,0,Wednesday,78.863,83.76422,84.875,9.958143,3907
2011-09-29,winter,September,0,Thursday,77.5100246,83.70608,69.91669999999999,11.583160999999999,4839
2011-09-30,winter,September,0,Friday,73.6355246,81.03461,64.75,13.833825,5202
2011-10-01,winter,October,0,Saturday,62.257999999999996,69.15767,75.375,19.583832,2429
2011-10-02,winter,October,0,Sunday,58.322024600000006,63.07853,79.1667,14.874871,2918
2011-10-03,winter,October,0,Monday,60.3515246,67.28414000000001,76.0833,5.584168600000001,3570
2011-10-04,winter,October,0,Tuesday,67.7315246,74.55722,71.0,13.792218,4456
2011-10-05,winter,October,0,Wednesday,71.7289754,79.44242,64.79169999999999,11.87575,4826
2011-10-06,winter,October,0,Thursday,68.4695246,75.23825,62.083299999999994,9.041917999999999,4765
2011-10-07,winter,October,0,Friday,69.6994754,77.39636,68.41669999999999,1.5002439,4985
2011-10-08,winter,October,0,Saturday,70.4990246,78.19178,70.125,3.0420814,5409
2011-10-09,winter,October,0,Sunday,71.9134754,79.15847,72.75,4.251150000000001,5511
2011-10-10,winter,October,1,Monday,74.12747540000001,80.86325,73.375,2.8343814,5117
2011-10-11,winter,October,0,Tuesday,73.82002460000001,81.14864,80.875,9.583814,4563
2011-10-12,winter,October,0,Wednesday,72.0979754,78.59452999999999,90.625,16.62605,2416
2011-10-13,winter,October,0,Thursday,75.4805246,81.66236,89.6667,9.499729,2913
2011-10-14,winter,October,0,Friday,72.65147540000001,79.67075,71.625,15.000161,3644
2011-10-15,winter,October,0,Saturday,69.3920246,76.88525,48.3333,17.291561,5217
2011-10-16,winter,October,0,Sunday,69.7610246,77.28386,48.6667,18.875039,5041
2011-10-17,winter,October,0,Monday,71.4215246,77.96525,57.958299999999994,11.750393,4570
2011-10-18,winter,October,0,Tuesday,71.2985,79.04489000000001,70.1667,7.3758289999999995,4748
2011-10-19,winter,October,0,Wednesday,71.9803382,78.24632,89.52170000000001,16.303713,2424
2011-10-20,winter,October,0,Thursday,67.1164754,73.98725,63.625,28.292425,4195
2011-10-21,winter,October,0,Friday,63.5495,70.12364,57.4167,14.833532,4304
2011-10-22,winter,October,0,Saturday,63.180499999999995,70.29428,62.916700000000006,6.208668899999999,4308
2011-10-23,winter,October,0,Sunday,63.1190246,70.00997,74.125,6.6673375,4381
2011-10-24,winter,October,0,Monday,66.1939754,73.13603,77.2083,7.959064000000001,4187
2011-10-25,winter,October,0,Tuesday,66.8090246,73.70375,62.291700000000006,11.166086,4687
2011-10-26,winter,October,0,Wednesday,67.7315246,74.55614,72.04169999999999,9.959014,3894
2011-10-27,winter,October,0,Thursday,66.686,73.13414,81.2917,13.250121000000002,2659
2011-10-28,winter,October,0,Friday,56.4154754,60.693079999999995,58.58330000000001,15.375093,3747
2011-10-29,winter,October,0,Saturday,50.7575246,52.51217,88.25,23.541857,627
2011-10-30,winter,October,0,Sunday,55.5545246,60.91961,62.375,11.833339,3331
2011-10-31,winter,October,0,Monday,57.092,64.04567,70.3333,7.12545,3669
2011-11-01,winter,November,0,Tuesday,61.5814754,67.73792,68.375,9.083257,4068
2011-11-02,winter,November,0,Wednesday,59.859500000000004,67.11197,71.875,5.500143899999999,4186
2011-11-03,winter,November,0,Thursday,62.134975399999995,68.53289,70.20830000000001,9.166739,3974
2011-11-04,winter,November,0,Friday,61.7659754,68.30528000000001,62.25000000000001,18.209193,4046
2011-11-05,winter,November,0,Saturday,56.1080246,61.14686,51.916700000000006,12.667153999999998,3926
2011-11-06,winter,November,0,Sunday,57.7069754,64.61222000000001,73.4583,6.167631399999999,3649
2011-11-07,winter,November,0,Monday,61.150999999999996,68.07839,75.875,3.834075,4035
2011-11-08,winter,November,0,Tuesday,62.134975399999995,69.10214,72.1667,4.6255125,4205
2011-11-09,winter,November,0,Wednesday,61.52,68.81711,75.83330000000001,4.1671186,4109
2011-11-10,winter,November,0,Thursday,60.044,65.63489,81.3333,12.667489000000002,2933
2011-11-11,winter,November,1,Friday,55.9235246,59.61353,44.625,21.083225,3368
2011-11-12,winter,November,0,Saturday,58.322024600000006,64.21477999999999,55.2917,14.208154,4067
2011-11-13,winter,November,0,Sunday,64.5334754,70.7495,45.8333,18.875307,3717
2011-11-14,winter,November,0,Monday,71.114,79.21508,58.7083,20.541932,4486
2011-11-15,winter,November,0,Tuesday,71.114,77.68211,68.875,13.375411,4195
2011-11-16,winter,November,0,Wednesday,65.7020246,72.67892,93.0,9.167543,1817
2011-11-17,winter,November,0,Thursday,57.2150246,61.08989,57.5833,20.459253999999998,3053
2011-11-18,winter,November,0,Friday,52.2335246,56.544889999999995,41.0,11.291711,3392
2011-11-19,winter,November,0,Saturday,56.2925246,61.203469999999996,50.208299999999994,15.041232,3663
2011-11-20,winter,November,0,Sunday,66.1939754,73.13522,68.4583,12.45865,3520
2011-11-21,winter,November,0,Monday,65.0255,72.05557999999999,91.0,9.249618,2765
2011-11-22,winter,November,0,Tuesday,62.7500246,69.95264,96.25,7.959064000000001,1607
2011-11-23,winter,November,0,Wednesday,64.5334754,70.74833,75.79169999999999,22.500275,2566
2011-11-24,winter,November,1,Thursday,59.551975399999996,65.52239,54.9167,11.209368000000001,1495
2011-11-25,winter,November,0,Friday,59.675,66.26039,64.375,6.6260186,2792
2011-11-26,winter,November,0,Saturday,59.736475399999996,66.65783,68.1667,4.5841936,3068
2011-11-27,winter,November,0,Sunday,65.8865246,73.02199999999999,69.8333,13.999918,3071
2011-11-28,winter,November,0,Monday,69.1566764,76.11098,74.3043,9.522174,3867
2011-11-29,winter,November,0,Tuesday,65.8249754,72.62375,83.08330000000001,17.292164,2914
2011-11-30,winter,November,0,Wednesday,55.985,60.00989,61.3333,18.167586,3613
2011-12-01,winter,December,0,Thursday,55.0625,59.49986,52.4583,14.750586,3727
2011-12-02,winter,December,0,Friday,55.1855246,61.82897,62.583299999999994,6.750518,3940
2011-12-03,winter,December,0,Saturday,54.0785246,59.954359999999994,61.291700000000006,6.4174811,3614
2011-12-04,winter,December,0,Sunday,56.4154754,63.419000000000004,77.5833,5.625206100000001,3485
2011-12-05,winter,December,0,Monday,60.4744754,67.45325,82.70830000000001,4.1679561000000005,3811
2011-12-06,winter,December,0,Tuesday,66.13250000000001,73.076,94.9583,15.583060999999999,2594
2011-12-07,winter,December,0,Wednesday,62.257999999999996,68.02214000000001,97.04169999999999,17.833725,705
2011-12-08,winter,December,0,Thursday,51.6184754,55.12442,57.99999999999999,16.083886,3322
2011-12-09,winter,December,0,Friday,53.4634754,60.578779999999995,69.58330000000001,5.5420188999999995,3620
2011-12-10,winter,December,0,Saturday,52.295,55.97708,50.74999999999999,15.625807,3190
2011-12-11,winter,December,0,Sunday,48.297475399999996,54.783860000000004,49.0,4.458293899999999,2743
2011-12-12,winter,December,0,Monday,49.588975399999995,56.31764,67.08330000000001,4.251150000000001,3310
2011-12-13,winter,December,0,Tuesday,52.8485,59.10242,59.0,9.41685,3523
2011-12-14,winter,December,0,Wednesday,55.4315,62.45258,66.375,4.0842061,3740
2011-12-15,winter,December,0,Thursday,63.180499999999995,69.10132999999999,63.416700000000006,17.958814,3709
2011-12-16,winter,December,0,Friday,59.675,64.38425000000001,50.0417,17.458525,3577
2011-12-17,winter,December,0,Saturday,51.064975399999994,54.44339,56.0833,16.292189,2739
2011-12-18,winter,December,0,Sunday,49.588975399999995,54.102109999999996,58.62500000000001,11.375193,2431
2011-12-19,winter,December,0,Monday,52.418024599999995,57.28397,63.74999999999999,11.584031999999999,3403
2011-12-20,winter,December,0,Tuesday,60.4744754,67.68086,59.5417,4.125243600000001,3750
2011-12-21,spring,December,0,Wednesday,63.6109754,70.52153,85.83330000000001,14.8338,2660
2011-12-22,spring,December,0,Thursday,63.2419754,70.35089,75.75,3.1674249999999997,3068
2011-12-23,spring,December,0,Friday,59.551975399999996,65.97617,68.625,18.374482,2209
2011-12-24,spring,December,0,Saturday,54.3245,58.931779999999996,54.25,12.750368,1011
2011-12-25,spring,December,0,Sunday,52.278985399999996,57.196490000000004,68.13040000000001,10.391097,754
2011-12-26,spring,December,1,Monday,55.7443382,60.39815,50.6957,16.044155,1317
2011-12-27,spring,December,0,Tuesday,55.985,61.48697,76.25,12.62615,1162
2011-12-28,spring,December,0,Wednesday,54.075794,57.19766,50.39130000000001,19.695387,2302
2011-12-29,spring,December,0,Thursday,50.3269754,55.750280000000004,57.4167,8.000604,2423
2011-12-30,spring,December,0,Friday,55.0010246,60.693079999999995,63.6667,9.000578999999998,2999
2011-12-31,spring,December,0,Saturday,62.257999999999996,69.27089000000001,61.583299999999994,14.750318,2485
2012-01-01,spring,January,0,Sunday,59.306,65.80589,69.25,12.875189,2294
2012-01-02,spring,January,1,Monday,52.1505734,54.707359999999994,38.130399999999995,22.087555,1951
2012-01-03,spring,January,0,Tuesday,43.07,43.36475,44.125,24.499957000000002,2236
2012-01-04,spring,January,0,Wednesday,39.9335,42.74033,41.4583,12.3749,2368
2012-01-05,spring,January,0,Thursday,51.6184754,57.05708,52.416700000000006,8.709128999999999,3272
2012-01-06,spring,January,0,Friday,56.6615246,62.62403,54.2083,11.249836,4098
2012-01-07,spring,January,0,Saturday,61.0279754,67.17011,53.1667,11.708786,4521
2012-01-08,spring,January,0,Sunday,56.9075,62.62322,46.5,12.833314000000001,3425
2012-01-09,spring,January,0,Monday,48.5435246,54.27311,70.1667,6.6263000000000005,2376
2012-01-10,spring,January,0,Tuesday,54.781764800000005,60.69434,64.65220000000001,12.565984,3598
2012-01-11,spring,January,0,Wednesday,52.2335246,57.45389,84.75,8.791807,2177
2012-01-12,spring,January,0,Thursday,60.228500000000004,66.37442,80.2917,12.124789000000002,4097
2012-01-13,spring,January,0,Friday,52.2335246,54.44258,50.74999999999999,25.333236,3214
2012-01-14,spring,January,0,Saturday,45.284,48.47783,45.75,12.541260999999999,2493
2012-01-15,spring,January,0,Sunday,44.3000246,46.54625,41.9167,16.834286,2311
2012-01-16,spring,January,1,Monday,46.022,49.15967,52.25,15.500986,2298
2012-01-17,spring,January,0,Tuesday,59.530573399999994,64.78502,71.6087,23.39171,2935
2012-01-18,spring,January,0,Wednesday,54.38597540000001,56.77286,44.333299999999994,27.833743,3376
2012-01-19,spring,January,0,Thursday,46.022,49.10342,49.75,14.750586,3292
2012-01-20,spring,January,0,Friday,48.051500000000004,51.886219999999994,45.0,13.58425,3163
2012-01-21,spring,January,0,Saturday,44.7919754,47.73875,83.125,14.917014,1301
2012-01-22,spring,January,0,Sunday,43.9925,46.6025,79.625,13.375746000000001,1977
2012-01-23,spring,January,0,Monday,48.112975399999996,53.87522,91.125,7.4174359999999995,2432
2012-01-24,spring,January,0,Tuesday,57.2765,63.41972,83.58330000000001,8.292389,4339
2012-01-25,spring,January,0,Wednesday,53.7095246,58.53389,64.375,10.791756999999999,4270
2012-01-26,spring,January,0,Thursday,57.2150246,64.0445,76.95830000000001,4.917518600000001,4075
2012-01-27,spring,January,0,Friday,63.365,69.38447,74.125,22.958689,3456
2012-01-28,spring,January,0,Saturday,55.3084754,61.374109999999995,54.333299999999994,14.125542999999999,4023
2012-01-29,spring,January,0,Sunday,52.8485,56.544889999999995,31.125000000000004,16.08335,3243
2012-01-30,spring,January,0,Monday,51.8645246,55.63625,40.0833,14.458064,3624
2012-01-31,spring,January,0,Tuesday,60.782,66.31853000000001,41.6667,17.541739,4509
2012-02-01,spring,February,0,Wednesday,66.6245246,73.98842,50.79169999999999,12.667489000000002,4579
2012-02-02,spring,February,0,Thursday,61.4585246,67.90739,67.29169999999999,12.541528999999999,3761
2012-02-03,spring,February,0,Friday,55.1239754,59.84114,52.6667,11.959232000000002,4151
2012-02-04,spring,February,0,Saturday,51.495524599999996,56.54525,77.95830000000001,8.167032,2832
2012-02-05,spring,February,0,Sunday,51.6184754,55.80689,68.7917,11.791732000000001,2947
2012-02-06,spring,February,0,Monday,52.8565442,58.678340000000006,62.2174,10.304599999999999,3784
2012-02-07,spring,February,0,Tuesday,58.1375246,64.49936,49.625,9.874393000000001,4375
2012-02-08,spring,February,0,Wednesday,50.9420246,55.97789,72.2917,8.959307,2802
2012-02-09,spring,February,0,Thursday,51.557,55.57892,56.2083,13.000478999999999,3830
2012-02-10,spring,February,0,Friday,52.7254754,58.42022,54.0,7.834243,3831
2012-02-11,spring,February,0,Saturday,48.5435246,50.978030000000004,73.125,19.416332,2169
2012-02-12,spring,February,0,Sunday,41.4095,41.14922,46.458299999999994,27.417203999999998,1529
2012-02-13,spring,February,0,Monday,48.420500000000004,52.51217,41.125,11.207961,3422
2012-02-14,spring,February,0,Tuesday,55.5545246,62.05514000000001,50.875,9.458993,3922
2012-02-15,spring,February,0,Wednesday,57.7069754,63.646609999999995,53.125,12.167200000000001,4169
2012-02-16,spring,February,0,Thursday,55.37002460000001,61.71458,75.2917,6.125475000000001,3005
2012-02-17,spring,February,0,Friday,57.3379754,63.646609999999995,63.4583,13.791682,4154
2012-02-18,spring,February,0,Saturday,57.5840246,63.98825,53.4583,12.792243,4318
2012-02-19,spring,February,0,Sunday,52.664,55.92092,51.5833,16.958504,2689
2012-02-20,spring,February,1,Monday,52.664,56.60519,50.7826,15.348560999999998,3129
2012-02-21,spring,February,0,Tuesday,53.2415588,58.56017,59.434799999999996,13.783039,3777
2012-02-22,spring,February,0,Wednesday,61.2124754,67.34003,56.7917,15.709557,4773
2012-02-23,spring,February,0,Thursday,65.5175246,72.00014,55.45830000000001,12.791171,5062
2012-02-24,spring,February,0,Friday,62.0735,68.98739,73.75,15.916989,3487
2012-02-25,spring,February,0,Saturday,53.4634754,55.01075,39.5833,28.250014,2732
2012-02-26,spring,February,0,Sunday,52.6025246,56.14772,41.0,13.750342999999999,3389
2012-02-27,spring,February,0,Monday,59.060024600000006,64.21585999999999,49.0833,17.958211,4322
2012-02-28,spring,February,0,Tuesday,58.5065246,63.81725,39.5833,12.958939,4363
2012-02-29,spring,February,0,Wednesday,57.4128824,63.3623,80.4783,12.000839,1834
2012-03-01,spring,March,0,Thursday,67.8544754,74.78339,61.5417,15.208129,4990
2012-03-02,spring,March,0,Friday,58.0759754,64.38578,65.7083,9.708568,3194
2012-03-03,spring,March,0,Saturday,62.5655246,69.21428,62.125,10.792293,4066
2012-03-04,spring,March,0,Sunday,56.0464754,59.27189,40.3333,22.416257,3423
2012-03-05,spring,March,0,Monday,49.957975399999995,53.70539,50.625,15.333486,3333
2012-03-06,spring,March,0,Tuesday,51.064975399999994,54.953779999999995,45.6667,13.458625,3956
2012-03-07,spring,March,0,Wednesday,61.827524600000004,66.65899999999999,51.3333,23.167193,4916
2012-03-08,spring,March,0,Thursday,70.92949999999999,79.21436,56.75,29.584721,5382
2012-03-09,spring,March,0,Friday,62.3194754,67.73747,40.708299999999994,27.7916,4569
2012-03-10,spring,March,0,Saturday,53.2175,56.99903,35.041700000000006,15.125250000000001,4118
2012-03-11,spring,March,0,Sunday,58.6963382,64.3703,47.695699999999995,14.913329,4911
2012-03-12,spring,March,0,Monday,66.4400246,73.36328,48.9167,13.916771,5298
2012-03-13,spring,March,0,Tuesday,73.697,80.86361000000001,61.75000000000001,15.87565,5847
2012-03-14,spring,March,0,Wednesday,74.2505,81.37553,50.708299999999994,7.709153999999999,6312
2012-03-15,spring,March,0,Thursday,73.14349999999999,79.95425,57.958299999999994,10.042161,6192
2012-03-16,spring,March,0,Friday,64.16447539999999,71.26061,84.20830000000001,7.583864,4378
2012-03-17,spring,March,0,Saturday,69.9455246,77.45414,75.5833,7.417168,7836
2012-03-18,spring,March,0,Sunday,66.87049999999999,73.75999999999999,81.0,8.501161,5892
2012-03-19,spring,March,0,Monday,72.221,79.95389,72.875,10.875239,6153
2012-03-20,spring,March,0,Tuesday,73.38947540000001,80.46797000000001,80.7917,8.125157,6093
2012-03-21,summer,March,0,Wednesday,71.2370246,78.19322,82.125,6.0004061,6230
2012-03-22,summer,March,0,Thursday,72.8975246,79.84103,83.125,7.876653999999999,6871
2012-03-23,summer,March,0,Friday,76.4030246,83.30602999999999,69.41669999999999,7.7921000000000005,8362
2012-03-24,summer,March,0,Saturday,69.08449999999999,75.80597,88.5417,12.916460999999998,3372
2012-03-25,summer,March,0,Sunday,64.2875,71.37392,88.0833,14.791924999999999,4996
2012-03-26,summer,March,0,Monday,64.9024754,71.4875,47.7917,25.917007,5558
2012-03-27,summer,March,0,Tuesday,55.8619754,60.40886,28.999999999999996,12.541864,5102
2012-03-28,summer,March,0,Wednesday,67.7315246,74.38550000000001,48.125,19.541957,5698
2012-03-29,summer,March,0,Thursday,68.4695246,75.40736000000001,43.916700000000006,21.41655,6133
2012-03-30,summer,March,0,Friday,59.306,65.80589,58.0833,9.250489,5459
2012-03-31,summer,March,0,Saturday,63.3035246,69.95372,73.83330000000001,16.791339,6235
2012-04-01,summer,April,0,Sunday,63.4264754,69.55583,67.625,11.541889,6041
2012-04-02,summer,April,0,Monday,64.0227794,70.47617,50.43479999999999,20.913313,5936
2012-04-03,summer,April,0,Tuesday,66.4400246,73.53347,39.6667,6.708911,6772
2012-04-04,summer,April,0,Wednesday,71.9750246,80.01050000000001,46.958299999999994,12.125325,6436
2012-04-05,summer,April,0,Thursday,64.10300000000001,70.80467,37.416700000000006,14.708443,6457
2012-04-06,summer,April,0,Friday,61.7659754,67.16903,37.7083,20.125996,6460
2012-04-07,summer,April,0,Saturday,64.2875,70.35161,25.416700000000002,18.416356999999998,6857
2012-04-08,summer,April,0,Sunday,68.9,76.31825,27.5833,15.583931999999999,5169
2012-04-09,summer,April,0,Monday,68.1005246,74.89742,31.75,23.999132,5585
2012-04-10,summer,April,0,Tuesday,64.9640246,71.26097,43.5,16.708125000000003,5918
2012-04-11,summer,April,0,Wednesday,57.7337648,62.354659999999996,46.9565,19.783358,4862
2012-04-12,summer,April,0,Thursday,61.3355,66.88436,46.625,19.458743,5409
2012-04-13,summer,April,0,Friday,64.65650000000001,70.86272,40.8333,10.416557,6398
2012-04-14,summer,April,0,Saturday,68.53099999999999,75.91964,50.291700000000006,12.791439,7460
2012-04-15,summer,April,0,Sunday,76.7720246,83.64875,50.79169999999999,15.083643,7132
2012-04-16,summer,April,1,Monday,81.01552459999999,87.34325000000001,56.166700000000006,19.083543,6370
2012-04-17,summer,April,0,Tuesday,76.8949754,85.86383,39.0417,18.333143,6691
2012-04-18,summer,April,0,Wednesday,66.1939754,73.13342,56.9167,11.250103999999999,4367
2012-04-19,summer,April,0,Thursday,68.7769754,76.37414,61.25000000000001,4.417256399999999,6565
2012-04-20,summer,April,0,Friday,70.8680246,78.41975,69.4583,10.041357,7290
2012-04-21,summer,April,0,Saturday,74.066,80.86289,68.2917,19.000328999999997,6624
2012-04-22,summer,April,0,Sunday,61.274024600000004,67.05536000000001,83.54169999999999,23.084582,1027
2012-04-23,summer,April,0,Monday,55.73902459999999,59.10125,76.66669999999999,20.334232,3214
2012-04-24,summer,April,0,Tuesday,62.5039754,68.47547,45.4167,16.708661,5633
2012-04-25,summer,April,0,Wednesday,67.1780246,74.32853,42.7917,7.959064000000001,6196
2012-04-26,summer,April,0,Thursday,68.7769754,75.52247,75.66669999999999,11.833875,5026
2012-04-27,summer,April,0,Friday,65.7635,72.73733,40.0833,23.291410999999997,6233
2012-04-28,summer,April,0,Saturday,59.798024600000005,65.97536,48.9583,8.708325,4220
2012-04-29,summer,April,0,Sunday,65.8249754,72.51088999999999,58.7083,7.8328359999999995,6304
2012-04-30,summer,April,0,Monday,66.2555246,73.19264,56.99999999999999,11.499746,5572
2012-05-01,summer,May,0,Tuesday,77.2639754,83.93189,65.95830000000001,10.458432,5740
2012-05-02,summer,May,0,Wednesday,73.6355246,80.41064,79.7083,9.249885999999998,6169
2012-05-03,summer,May,0,Thursday,73.328,80.35177999999999,76.83330000000001,8.957632,6421
2012-05-04,summer,May,0,Friday,78.3095,85.18253,73.54169999999999,10.916846,6296
2012-05-05,summer,May,0,Saturday,77.8790246,84.61472,75.66669999999999,10.250464000000001,6883
2012-05-06,summer,May,0,Sunday,73.5125,81.20633000000001,74.0,10.041892999999998,6359
2012-05-07,summer,May,0,Monday,71.66749999999999,79.44278,66.41669999999999,15.458307000000001,6273
2012-05-08,summer,May,0,Tuesday,74.9270246,82.17239000000001,68.58330000000001,19.833942999999998,5728
2012-05-09,summer,May,0,Wednesday,74.435,81.77225,74.4167,14.499604,4717
2012-05-10,summer,May,0,Thursday,69.3304754,76.26047,55.2083,21.042221,6572
2012-05-11,summer,May,0,Friday,71.3599754,78.87497,36.0417,15.874778999999998,7030
2012-05-12,summer,May,0,Saturday,73.6355246,81.03353,48.0417,8.249910999999999,7429
2012-05-13,summer,May,0,Sunday,77.2025,84.67142,57.62500000000001,15.082839,6118
2012-05-14,summer,May,0,Monday,74.3119754,81.49100000000001,78.95830000000001,14.250364000000001,2843
2012-05-15,summer,May,0,Tuesday,77.1410246,83.87636,79.45830000000001,9.875264,5115
2012-05-16,summer,May,0,Wednesday,78.9860246,85.63775000000001,69.7917,8.208304,7424
2012-05-17,summer,May,0,Thursday,75.7879754,83.53517000000001,52.0,15.374825000000001,7384
2012-05-18,summer,May,0,Friday,73.6355246,81.60088999999999,52.33330000000001,9.166739,7639
2012-05-19,summer,May,0,Saturday,76.28,83.02171999999999,45.625,5.626325,8294
2012-05-20,summer,May,0,Sunday,77.81747539999999,84.55703,53.041700000000006,17.042589,7129
2012-05-21,summer,May,0,Monday,76.1569754,82.91003,81.125,15.624668,4359
2012-05-22,summer,May,0,Tuesday,77.387,84.27425000000001,76.5833,7.9171890000000005,6073
2012-05-23,summer,May,0,Wednesday,77.8790246,84.61508,77.45830000000001,6.834,5260
2012-05-24,summer,May,0,Thursday,80.339,86.603,71.6667,11.584031999999999,6770
2012-05-25,summer,May,0,Friday,82.184,88.47761,74.7083,9.41685,6734
2012-05-26,summer,May,0,Saturday,83.10650000000001,89.84264,73.25,13.332464,6536
2012-05-27,summer,May,0,Sunday,82.922,89.72825,69.7083,14.416457,6591
2012-05-28,summer,May,1,Monday,84.58250000000001,93.13700000000001,67.625,13.166907,6043
2012-05-29,summer,May,0,Tuesday,85.32050000000001,92.56928,68.4583,19.7918,5743
2012-05-30,summer,May,0,Wednesday,80.4620246,87.00161,67.0,9.000043,6855
2012-05-31,summer,May,0,Thursday,82.184,88.81961000000001,49.2917,13.083693,7338
2012-06-01,summer,June,0,Friday,80.2775246,86.71658,75.5417,15.916721,4127
2012-06-02,summer,June,0,Saturday,75.0499754,82.96592,54.9167,12.499653999999998,8120
2012-06-03,summer,June,0,Sunday,76.4645,83.76196999999999,49.333299999999994,12.333829,7641
2012-06-04,summer,June,0,Monday,76.0955,84.04547,48.7083,19.083811,6998
2012-06-05,summer,June,0,Tuesday,71.9134754,79.33028,61.3333,14.041525,7001
2012-06-06,summer,June,0,Wednesday,72.8975246,80.80628,61.12499999999999,5.167375,7055
2012-06-07,summer,June,0,Thursday,76.4645,83.24978,56.7083,10.542449999999999,7494
2012-06-08,summer,June,0,Friday,79.9085246,85.80758,46.791700000000006,11.750661,7736
2012-06-09,summer,June,0,Saturday,84.4594754,90.35303000000002,43.7083,9.667229,7498
2012-06-10,summer,June,0,Sunday,85.62802459999999,91.71653,53.833299999999994,8.959307,6598
2012-06-11,summer,June,0,Monday,85.1974754,91.37489,58.791700000000006,13.916771,6664
2012-06-12,summer,June,0,Tuesday,80.21597539999999,85.80875,83.3333,14.374582,4972
2012-06-13,summer,June,0,Wednesday,80.4004754,87.00053,58.2083,22.999693,7421
2012-06-14,summer,June,0,Thursday,79.8469754,88.19447,56.958299999999994,17.000111,7363
2012-06-15,summer,June,0,Friday,79.17052460000001,85.97785999999999,58.958299999999994,11.833339,7665
2012-06-16,summer,June,0,Saturday,78.6170246,85.52372,50.416700000000006,11.166689,7702
2012-06-17,summer,June,0,Sunday,75.7265,83.47775,59.875,9.708568,6978
2012-06-18,summer,June,0,Monday,73.9429754,81.03578,77.79169999999999,11.707982000000001,5099
2012-06-19,summer,June,0,Tuesday,82.7989754,90.92228,69.0,9.917139,6825
2012-06-20,summer,June,0,Wednesday,89.74849999999999,96.88775,59.2083,7.625403999999999,6211
2012-06-21,fall,June,0,Thursday,91.4704754,99.72878,56.7917,7.958728999999999,5905
2012-06-22,fall,June,0,Friday,89.3795,97.17089,57.375,12.250414000000001,5823
2012-06-23,fall,June,0,Saturday,85.9970246,90.75128,53.4583,12.041307,7458
2012-06-24,fall,June,0,Sunday,86.85797540000002,92.68285999999999,47.9167,9.750174999999999,6891
2012-06-25,fall,June,0,Monday,84.82847539999999,90.86377999999999,50.416700000000006,20.125661,6779
2012-06-26,fall,June,0,Tuesday,78.55547539999999,85.52336,37.333299999999994,23.292014,7442
2012-06-27,fall,June,0,Wednesday,83.4755,89.67128,36.0,18.208925,7335
2012-06-28,fall,June,0,Thursday,87.2885246,92.79607999999999,42.25,11.50055,6879
2012-06-29,fall,June,0,Friday,93.56152460000001,102.79517,48.875,11.082939000000001,5463
2012-06-30,fall,June,0,Saturday,88.45700000000001,93.87572,60.12499999999999,10.791756999999999,5687
2012-07-01,fall,July,0,Sunday,92.20847540000001,99.55661,51.87500000000001,11.291443,5531
2012-07-02,fall,July,0,Monday,89.6870246,95.18342,44.7083,13.082889,6227
2012-07-03,fall,July,0,Tuesday,89.6254754,95.2385,49.2083,8.457878999999998,6660
2012-07-04,fall,July,1,Wednesday,90.24052459999999,97.91033,53.87499999999999,9.041649999999999,7403
2012-07-05,fall,July,0,Thursday,93.0695,100.52303,45.7917,12.999943,6241
2012-07-06,fall,July,0,Friday,93.1309754,99.72797,45.0833,9.791514,6207
2012-07-07,fall,July,0,Saturday,95.5910246,104.44217,49.2083,10.958118,4840
2012-07-08,fall,July,0,Sunday,92.7005,103.13564,57.375,8.417143,4672
2012-07-09,fall,July,0,Monday,84.4594754,90.86486,68.3333,12.125325,6569
2012-07-10,fall,July,0,Tuesday,85.1974754,91.83164000000001,66.75,10.166379,6290
2012-07-11,fall,July,0,Wednesday,84.8900246,90.52439000000001,63.3333,10.166110999999999,7264
2012-07-12,fall,July,0,Thursday,84.82847539999999,90.92147,52.9583,9.833924999999999,7446
2012-07-13,fall,July,0,Friday,85.9970246,92.11397000000001,48.5833,5.41695,7499
2012-07-14,fall,July,0,Saturday,83.9059754,91.94378,69.91669999999999,9.626493,6969
2012-07-15,fall,July,0,Sunday,87.0424754,95.46764,71.7917,11.166689,6031
2012-07-16,fall,July,0,Monday,88.33397540000001,97.17125000000001,64.5,11.000529,6830
2012-07-17,fall,July,0,Tuesday,92.3929754,100.01147,50.583299999999994,7.666743,6786
2012-07-18,fall,July,0,Wednesday,90.5479754,99.10247000000001,57.7083,9.208614,5713
2012-07-19,fall,July,0,Thursday,88.826,96.31778,60.0417,11.083743,6591
2012-07-20,fall,July,0,Friday,81.1384754,87.17224999999999,84.4167,14.000789000000001,5870
2012-07-21,fall,July,0,Saturday,75.9724754,81.49207999999999,86.5417,14.2911,4459
2012-07-22,fall,July,0,Sunday,81.2615,88.08125000000001,76.25,6.292693600000001,7410
2012-07-23,fall,July,0,Monday,86.7350246,94.10153,69.41669999999999,9.291761,6966
2012-07-24,fall,July,0,Tuesday,87.4114754,95.5805,65.5,14.167418,7592
2012-07-25,fall,July,0,Wednesday,85.4435246,90.86486,45.0,11.0416,8173
2012-07-26,fall,July,0,Thursday,89.3180246,98.53367,59.666700000000006,19.082471,6861
2012-07-27,fall,July,0,Friday,89.6870246,98.07953,59.458299999999994,10.250464000000001,6904
2012-07-28,fall,July,0,Saturday,87.7804754,94.78436,61.3333,10.542449999999999,6685
2012-07-29,fall,July,0,Sunday,85.2590246,92.11397000000001,62.375,11.416532,6597
2012-07-30,fall,July,0,Monday,85.9354754,93.64883,66.875,10.292339,7105
2012-07-31,fall,July,0,Tuesday,84.6439754,91.66064000000001,70.41669999999999,11.083475,7216
2012-08-01,fall,August,0,Wednesday,84.9515,92.05772,67.75,9.458993,7580
2012-08-02,fall,August,0,Thursday,87.53450000000001,95.63792000000001,65.95830000000001,8.666718,7261
2012-08-03,fall,August,0,Friday,88.5184754,97.05803,64.25,14.458064,7175
2012-08-04,fall,August,0,Saturday,90.5479754,99.61403,61.3333,17.249686,6824
2012-08-05,fall,August,0,Sunday,88.7645246,97.79711,65.25,19.458206999999998,5464
2012-08-06,fall,August,0,Monday,87.53450000000001,95.92214,65.4167,8.666718,7013
2012-08-07,fall,August,0,Tuesday,86.3044754,94.78589000000001,70.375,7.8328359999999995,7273
2012-08-08,fall,August,0,Wednesday,87.35,95.69453000000001,67.29169999999999,7.4169,7534
2012-08-09,fall,August,0,Thursday,87.7804754,94.95572,62.0417,10.458699999999999,7286
2012-08-10,fall,August,0,Friday,84.82847539999999,92.11478000000001,71.5833,16.000471,5786
2012-08-11,fall,August,0,Saturday,83.10650000000001,89.44403,73.2917,13.834093,6299
2012-08-12,fall,August,0,Sunday,83.7214754,90.01210999999999,53.041700000000006,8.208304,6544
2012-08-13,fall,August,0,Monday,85.1974754,91.60286,54.541700000000006,9.126204,6883
2012-08-14,fall,August,0,Tuesday,85.62802459999999,92.91011,68.6667,11.333586,6784
2012-08-15,fall,August,0,Wednesday,84.1520246,90.86332999999999,61.9583,11.374657000000001,7347
2012-08-16,fall,August,0,Thursday,85.07452459999999,90.92192,51.916700000000006,9.500332,7605
2012-08-17,fall,August,0,Friday,85.3819754,53.816,57.0833,15.500718,7148
2012-08-18,fall,August,0,Saturday,82.0609754,87.62639,60.3333,11.917089,7865
2012-08-19,fall,August,0,Sunday,78.9244754,86.31986,71.1667,5.79215,4549
2012-08-20,fall,August,0,Monday,78.9244754,85.63703000000001,73.4167,8.708592999999999,6530
2012-08-21,fall,August,0,Tuesday,79.9085246,86.09225,67.375,4.875643600000001,7006
2012-08-22,fall,August,0,Wednesday,81.2615,87.96686,67.7083,4.708981100000001,7375
2012-08-23,fall,August,0,Thursday,83.3524754,89.33072,63.5833,5.667918600000001,7765
2012-08-24,fall,August,0,Friday,83.84450000000001,90.239,61.5,4.833768600000001,7582
2012-08-25,fall,August,0,Saturday,80.8310246,87.68264,71.2917,16.375336,6053
2012-08-26,fall,August,0,Sunday,80.21597539999999,85.63964,84.5833,15.333486,5255
2012-08-27,fall,August,0,Monday,83.9059754,90.92192,73.04169999999999,8.625110999999999,6917
2012-08-28,fall,August,0,Tuesday,85.7509754,91.9445,62.0,12.791975,7040
2012-08-29,fall,August,0,Wednesday,82.553,89.21597,55.2083,7.541653999999999,7697
2012-08-30,fall,August,0,Thursday,84.1520246,90.75011,59.0417,5.1668189,7713
2012-08-31,fall,August,0,Friday,88.3955246,94.046,58.75,11.291711,7350
2012-09-01,fall,September,0,Saturday,87.59597540000001,95.23886,63.8333,7.5835289999999995,6140
2012-09-02,fall,September,0,Sunday,83.4140246,90.41,81.5,4.2927436000000005,5810
2012-09-03,fall,September,1,Monday,84.2135,91.54661000000002,79.0833,10.125107,6034
2012-09-04,fall,September,0,Tuesday,85.56647539999999,93.81992,75.5,15.833507,6864
2012-09-05,fall,September,0,Wednesday,86.36602459999999,95.80847000000001,74.125,12.583136,7112
2012-09-06,fall,September,0,Thursday,83.4140246,90.97961000000001,81.0417,9.542207,6203
2012-09-07,fall,September,0,Friday,83.9059754,91.14836,73.625,11.500282,7504
2012-09-08,fall,September,0,Saturday,80.6465246,87.00089,79.91669999999999,18.833968000000002,5976
2012-09-09,fall,September,0,Sunday,77.018,84.10325,54.75,15.041232,8227
2012-09-10,fall,September,0,Monday,75.0499754,82.90886,50.375,17.333771000000002,7525
2012-09-11,fall,September,0,Tuesday,74.6195,81.88628,52.0,6.167631399999999,7767
2012-09-12,fall,September,0,Wednesday,76.2185246,83.30675,57.7083,8.833682,7870
2012-09-13,fall,September,0,Thursday,77.2025,84.16022000000001,63.708299999999994,5.542293600000001,7804
2012-09-14,fall,September,0,Friday,78.7399754,85.46747,67.25,6.958821,8009
2012-09-15,fall,September,0,Saturday,76.8949754,84.72803,50.1667,16.583907,8714
2012-09-16,fall,September,0,Sunday,74.804,82.68125,56.99999999999999,6.0422811,7333
2012-09-17,fall,September,0,Monday,74.86547540000001,81.7745,73.4583,10.166714,6869
2012-09-18,fall,September,0,Tuesday,78.0019754,82.85603,87.25,23.958329,4073
2012-09-19,fall,September,0,Wednesday,72.7745,80.63636,53.6667,14.416725,7591
2012-09-20,fall,September,0,Thursday,72.3440246,79.89728,61.8333,7.9171890000000005,7720
2012-09-21,fall,September,0,Friday,76.2185246,83.47739,66.875,10.333343000000001,8167
2012-09-22,fall,September,0,Saturday,79.97,86.94392,64.6667,19.000061,8395
2012-09-23,winter,September,0,Sunday,71.0525246,78.70397,46.708299999999994,14.958286,7907
2012-09-24,winter,September,0,Monday,69.9455246,77.22617,49.2917,9.541068000000001,7436
2012-09-25,winter,September,0,Tuesday,72.59,80.97610999999999,56.99999999999999,15.833507,7538
2012-09-26,winter,September,0,Wednesday,78.863,85.69517,63.083299999999994,16.3748,7733
2012-09-27,winter,September,0,Thursday,79.97,86.71775,69.08330000000001,9.000914000000002,7393
2012-09-28,winter,September,0,Friday,77.69452460000001,84.72767,69.0,10.999993,7415
2012-09-29,winter,September,0,Saturday,72.0365,79.72664,54.2917,15.249468,8555
2012-09-30,winter,September,0,Sunday,70.8680246,78.58967,58.3333,9.042186,6889
2012-10-01,winter,October,0,Monday,70.4374754,78.08,64.9167,6.083881399999999,6778
2012-10-02,winter,October,0,Tuesday,75.6034754,80.80996999999999,87.16669999999999,6.9998249999999995,4639
2012-10-03,winter,October,0,Wednesday,80.5235,85.92197,79.375,4.4585686,7572
2012-10-04,winter,October,0,Thursday,80.5235,86.71775,72.2917,7.875582,7328
2012-10-05,winter,October,0,Friday,77.387,84.21683,62.74999999999999,7.12545,8156
2012-10-06,winter,October,0,Saturday,72.8975246,80.46689,66.41669999999999,17.957675000000002,7965
2012-10-07,winter,October,0,Sunday,62.6884754,69.78317,70.8333,9.457854,3510
2012-10-08,winter,October,1,Monday,60.289975399999996,66.88472,70.9583,12.708492999999999,5478
2012-10-09,winter,October,0,Tuesday,64.9640246,71.43008,76.16669999999999,12.7501,6392
2012-10-10,winter,October,0,Wednesday,69.9455246,77.28278,63.083299999999994,12.584007000000001,7691
2012-10-11,winter,October,0,Thursday,64.10300000000001,70.80503,46.3333,12.166932000000001,7570
2012-10-12,winter,October,0,Friday,64.2875,70.97639,53.91669999999999,15.751164,7282
2012-10-13,winter,October,0,Saturday,61.0279754,67.22564,49.4583,9.791514,7109
2012-10-14,winter,October,0,Sunday,70.4990246,77.73836,64.0417,18.667004,6639
2012-10-15,winter,October,0,Monday,73.4510246,80.5235,70.75,19.834478999999998,5875
2012-10-16,winter,October,0,Tuesday,66.5629754,73.47614,55.833299999999994,12.208807,7534
2012-10-17,winter,October,0,Wednesday,65.6404754,72.50972,69.2917,6.791857,7461
2012-10-18,winter,October,0,Thursday,70.5605,78.13625,72.8333,15.874778999999998,7509
2012-10-19,winter,October,0,Friday,73.5739754,80.41064,81.5,9.041917999999999,5424
2012-10-20,winter,October,0,Saturday,67.7315246,74.55578,57.2917,7.874978999999999,8090
2012-10-21,winter,October,0,Sunday,66.2555246,73.07861,51.0,11.125618000000001,6824
2012-10-22,winter,October,0,Monday,67.9775,75.46477999999999,56.833299999999994,5.459381100000001,7058
2012-10-23,winter,October,0,Tuesday,72.1595246,79.72736,64.16669999999999,6.334568600000001,7466
2012-10-24,winter,October,0,Wednesday,75.3575,82.28489,63.625,4.876206399999999,7693
2012-10-25,winter,October,0,Thursday,72.59,79.67192,80.0417,8.333125,7359
2012-10-26,winter,October,0,Friday,72.28247540000001,79.0475,80.7083,8.875289,7444
2012-10-27,winter,October,0,Saturday,71.114,78.36197,72.0,15.791364000000002,7852
2012-10-28,winter,October,0,Sunday,67.23949999999999,74.09939,69.4583,26.666535999999997,4459
2012-10-29,winter,October,0,Monday,64.472,71.54599999999999,88.0,23.9994,22
2012-10-30,winter,October,0,Tuesday,55.4818316,59.89181,82.54549999999999,14.271603,1096
2012-10-31,winter,October,0,Wednesday,58.3835,64.499,66.6667,11.166689,5566
2012-11-01,winter,November,0,Thursday,58.998475400000004,65.29478,58.166700000000006,10.542182,5986
2012-11-02,winter,November,0,Friday,58.199,64.04378,52.208299999999994,17.833725,5847
2012-11-03,winter,November,0,Saturday,57.3379754,61.146139999999995,49.125,18.125443,5138
2012-11-04,winter,November,0,Sunday,56.0464754,61.65842,53.2917,12.000236,5107
2012-11-05,winter,November,0,Monday,55.5545246,59.726749999999996,49.416700000000006,15.833775000000001,5259
2012-11-06,winter,November,0,Tuesday,52.7254754,57.34103,56.7083,11.625371,5686
2012-11-07,winter,November,0,Wednesday,53.8324754,56.71589,54.75,20.375236,5035
2012-11-08,winter,November,0,Thursday,57.9904412,62.77019,33.3478,23.304945,5315
2012-11-09,winter,November,0,Friday,58.691024600000006,63.987170000000006,54.0833,14.375386,5992
2012-11-10,winter,November,0,Saturday,60.7205246,67.45433,64.5417,3.8756686000000005,6536
2012-11-11,winter,November,0,Sunday,63.0574754,69.95417,65.9167,8.5425,6852
2012-11-12,winter,November,1,Monday,67.79299999999999,74.78447,74.16669999999999,11.625639,6269
2012-11-13,winter,November,0,Tuesday,57.3379754,61.09025,66.29169999999999,22.917082,4094
2012-11-14,winter,November,0,Wednesday,53.3405246,57.34067,55.2083,13.374875,5495
2012-11-15,winter,November,0,Thursday,55.73902459999999,61.20428,62.0417,10.250129,5445
2012-11-16,winter,November,0,Friday,57.461,63.24836,52.4583,11.458675000000001,5698
2012-11-17,winter,November,0,Saturday,55.985,61.37447,54.541700000000006,12.041843,5629
2012-11-18,winter,November,0,Sunday,57.2765,62.39714,69.2917,15.250003999999999,4669
2012-11-19,winter,November,0,Monday,60.105475399999996,65.80589,62.3333,15.749489,5499
2012-11-20,winter,November,0,Tuesday,59.613524600000005,66.26003,68.5,5.542575,5634
2012-11-21,winter,November,0,Wednesday,58.0759754,64.84027999999999,61.375,6.917482000000001,5146
2012-11-22,winter,November,1,Thursday,57.092,63.53339,58.0417,3.5423436000000006,2425
2012-11-23,winter,November,0,Friday,59.1829754,66.09011,56.875,9.917407,3910
2012-11-24,winter,November,0,Saturday,52.5409754,54.38678,40.458299999999994,25.250357,2277
2012-11-25,winter,November,0,Sunday,50.1424754,55.18247,46.8333,10.083499999999999,2424
2012-11-26,winter,November,0,Monday,55.1239754,62.51036,53.541700000000006,3.1255499999999996,5087
2012-11-27,winter,November,0,Tuesday,53.5250246,57.34022,78.6667,15.916654,3959
2012-11-28,winter,November,0,Wednesday,53.8940246,58.078579999999995,50.625,14.125007,5260
2012-11-29,winter,November,0,Thursday,52.728206,58.85798,55.565200000000004,7.739974,5323
2012-11-30,winter,November,0,Friday,54.0169754,61.148030000000006,64.95830000000001,3.9175436000000006,5668
2012-12-01,winter,December,0,Saturday,54.0169754,60.52136,80.6667,4.0001814,5191
2012-12-02,winter,December,0,Sunday,57.6455,64.32872,82.3333,8.333393,4649
2012-12-03,winter,December,0,Monday,65.39450000000001,73.02164,76.75,5.542293600000001,6234
2012-12-04,winter,December,0,Tuesday,67.1164754,74.21486,73.375,11.666643,6606
2012-12-05,winter,December,0,Wednesday,64.3489754,70.52108,48.5,21.709407,5729
2012-12-06,winter,December,0,Thursday,50.880475399999995,55.23836,50.875,11.708518,5375
2012-12-07,winter,December,0,Friday,55.6774754,60.97622,76.4167,8.7502,5008
2012-12-08,winter,December,0,Saturday,60.167024600000005,67.05572,91.125,6.792393,5582
2012-12-09,winter,December,0,Sunday,60.3515246,67.11314,90.5417,10.584325,3228
2012-12-10,winter,December,0,Monday,64.16447539999999,71.20175,92.5,12.750636,5170
2012-12-11,winter,December,0,Tuesday,58.0759754,62.45267,59.666700000000006,19.834478999999998,5501
2012-12-12,winter,December,0,Wednesday,53.9555,58.760419999999996,53.833299999999994,10.916779,5319
2012-12-13,winter,December,0,Thursday,53.8324754,58.47692,48.5833,11.666643,5532
2012-12-14,winter,December,0,Friday,52.7870246,58.47728,64.29169999999999,8.792342999999999,5611
2012-12-15,winter,December,0,Saturday,55.9235246,62.45447,65.0417,7.12545,5047
2012-12-16,winter,December,0,Sunday,58.7525,65.29442,83.875,6.749714,3786
2012-12-17,winter,December,0,Monday,61.0279754,68.135,90.7083,6.583306100000001,4585
2012-12-18,winter,December,0,Tuesday,62.3194754,68.87372,66.625,14.834067999999998,5557
2012-12-19,winter,December,0,Wednesday,56.5385,62.794579999999996,62.5417,12.334164000000001,5267
2012-12-20,winter,December,0,Thursday,56.354,62.169529999999995,66.79169999999999,8.875021,4128
2012-12-21,spring,December,0,Friday,56.1080246,59.15903,55.666700000000006,25.083661,3623
2012-12-22,spring,December,0,Saturday,51.6184754,53.25017,44.125,27.292182,1749
2012-12-23,spring,December,0,Sunday,50.1424754,55.35239,51.5417,8.916560999999998,1787
2012-12-24,spring,December,0,Monday,49.0702352,55.301,79.1304,5.1744368,920
2012-12-25,spring,December,1,Tuesday,53.4982352,58.501850000000005,73.47829999999999,11.304642,1013
2012-12-26,spring,December,0,Wednesday,49.957975399999995,51.82997,82.3333,21.208582,441
2012-12-27,spring,December,0,Thursday,50.7575246,52.39778,65.29169999999999,23.458910999999997,2114
2012-12-28,spring,December,0,Friday,50.695975399999995,54.95414,59.0,10.416557,3095
2012-12-29,spring,December,0,Saturday,50.695975399999995,53.816,75.2917,8.333661,1341
2012-12-30,spring,December,0,Sunday,50.880475399999995,52.852999999999994,48.3333,23.500518,1796
2012-12-31,spring,December,0,Monday,47.928475399999996,52.11383,57.75,10.374682,2729
